Identifier;DimensionGroupId;DimensionId;Index;Title;Description
WP1925;1;Woonplaatsen;1;Aadorp;
WP2774;1;Woonplaatsen;2;Aagtekerke;
WP2145;1;Woonplaatsen;3;Aalden;
WP2571;1;Woonplaatsen;4;Aalsmeer;
WP1600;1;Woonplaatsen;5;Aalsmeerderbrug;
WP2626;1;Woonplaatsen;6;Aalst;
WP3387;1;Woonplaatsen;7;Aalsum;
WP1193;1;Woonplaatsen;8;Aalten;
WP2673;1;Woonplaatsen;9;Ter Aar;
WP2394;1;Woonplaatsen;10;Ter Aard;
WP2961;1;Woonplaatsen;11;Aardenburg;
WP1079;1;Woonplaatsen;12;Aarlanderveen;
WP1445;1;Woonplaatsen;13;Aarle-Rixtel;
WP2788;1;Woonplaatsen;14;Aartswoud;
WP2400;1;Woonplaatsen;15;Abbega;
WP3147;1;Woonplaatsen;16;Abbekerk;
WP1385;1;Woonplaatsen;17;Abbenbroek;
WP1608;1;Woonplaatsen;18;Abbenes;
WP1332;1;Woonplaatsen;19;Abcoude;
WP1364;1;Woonplaatsen;20;Achlum;
WP1063;1;Woonplaatsen;21;Achterveld;
WP2640;1;Woonplaatsen;22;Achterveld;
WP2131;1;Woonplaatsen;23;Achthuizen;
WP3493;1;Woonplaatsen;24;Achtmaal;
WP3527;1;Woonplaatsen;25;Acquoy;
WP2464;1;Woonplaatsen;26;Adorp;
WP2114;1;Woonplaatsen;27;Aduard;
WP2652;1;Woonplaatsen;28;Aerdenhout;
WP2976;1;Woonplaatsen;29;Aerdt;
WP2902;1;Woonplaatsen;30;Afferden;
WP1122;1;Woonplaatsen;31;Afferden L;
WP1407;1;Woonplaatsen;32;Agelo;
WP2267;1;Woonplaatsen;33;Akersloot;
WP2525;1;Woonplaatsen;34;Akkrum;
WP2484;1;Woonplaatsen;35;Akmarijp;
WP1283;1;Woonplaatsen;36;Albergen;
WP2386;1;Woonplaatsen;37;Alblasserdam;
WP3224;1;Woonplaatsen;38;Alde Leie;
WP2532;1;Woonplaatsen;39;Aldeboarn;
WP2441;1;Woonplaatsen;40;Aldtsjerk;
WP3313;1;Woonplaatsen;41;Aldwâld;
WP1623;1;Woonplaatsen;42;Alem;
WP2348;1;Woonplaatsen;43;Alkmaar;
WP2301;1;Woonplaatsen;44;Allingawier;
WP1924;1;Woonplaatsen;45;Almelo;
WP1334;1;Woonplaatsen;46;Almen;
WP1270;1;Woonplaatsen;47;Almere;
WP3300;1;Woonplaatsen;48;Almkerk;
WP1766;1;Woonplaatsen;49;Alphen;
WP3432;1;Woonplaatsen;50;Alphen;
WP1080;1;Woonplaatsen;51;Alphen aan den Rijn;
WP1633;1;Woonplaatsen;52;Alteveer;
WP3079;1;Woonplaatsen;53;Alteveer;
WP3160;1;Woonplaatsen;54;Alteveer;
WP1810;1;Woonplaatsen;55;Alteveer gem Hoogeveen;
WP1767;1;Woonplaatsen;56;Altforst;
WP1438;1;Woonplaatsen;57;Ambt Delden;
WP2106;1;Woonplaatsen;58;Ameide;
WP1147;1;Woonplaatsen;59;Amen;
WP1026;1;Woonplaatsen;60;America;
WP3337;1;Woonplaatsen;61;Amerongen;
WP1664;1;Woonplaatsen;62;Amersfoort;
WP2367;1;Woonplaatsen;63;Ammerstol;
WP1624;1;Woonplaatsen;64;Ammerzoden;
WP3547;1;Woonplaatsen;65;Amstelhoek;
WP1050;1;Woonplaatsen;66;Amstelveen;
WP2099;1;Woonplaatsen;67;Amstenrade;
WP3594;1;Woonplaatsen;68;Amsterdam;
WP3569;1;Woonplaatsen;69;Amsterdam-Duivendrecht;
WP3301;1;Woonplaatsen;70;Andel;
WP2466;1;Woonplaatsen;71;Den Andel;
WP1862;1;Woonplaatsen;72;Andelst;
WP1148;1;Woonplaatsen;73;Anderen;
WP1053;1;Woonplaatsen;74;Andijk;
WP1537;1;Woonplaatsen;75;Ane;
WP1538;1;Woonplaatsen;76;Anerveen;
WP1539;1;Woonplaatsen;77;Anevelde;
WP3133;1;Woonplaatsen;78;Angeren;
WP1299;1;Woonplaatsen;79;Angerlo;
WP2999;1;Woonplaatsen;80;Ankeveen;
WP1149;1;Woonplaatsen;81;Anloo;
WP3185;1;Woonplaatsen;82;Anna Paulowna;
WP1150;1;Woonplaatsen;83;Annen;
WP1151;1;Woonplaatsen;84;Annerveenschekanaal;
WP3104;1;Woonplaatsen;85;Ansen;
WP3161;1;Woonplaatsen;86;Ansen;
WP2296;1;Woonplaatsen;87;Ter Apel;
WP3560;1;Woonplaatsen;88;Apeldoorn;
WP2297;1;Woonplaatsen;89;Ter Apelkanaal;
WP1753;1;Woonplaatsen;90;Appelscha;
WP1768;1;Woonplaatsen;91;Appeltern;
WP3386;1;Woonplaatsen;92;Appingedam;
WP3140;1;Woonplaatsen;93;Arcen;
WP1432;1;Woonplaatsen;94;Arkel;
WP1008;1;Woonplaatsen;95;Arnemuiden;
WP1296;1;Woonplaatsen;96;Arnhem;
WP3630;1;Woonplaatsen;97;Arriën;
WP2302;1;Woonplaatsen;98;Arum;
WP3370;1;Woonplaatsen;99;Asch;
WP2353;1;Woonplaatsen;100;Asperen;
WP2391;1;Woonplaatsen;101;Assen;
WP1878;1;Woonplaatsen;102;Assendelft;
WP2928;1;Woonplaatsen;103;Asten;
WP3307;1;Woonplaatsen;104;Augsbuert-Lytsewâld;
WP3173;1;Woonplaatsen;105;Augustinusga;
WP2824;1;Woonplaatsen;106;Austerlitz;
WP1183;1;Woonplaatsen;107;Avenhorn;
WP1128;1;Woonplaatsen;108;Axel;
WP2202;1;Woonplaatsen;109;Azewijn;
WP2621;2;Woonplaatsen;110;Baaiduinen;
WP2008;2;Woonplaatsen;111;Baaium;
WP1527;2;Woonplaatsen;112;Baak;
WP1333;2;Woonplaatsen;113;Baambrugge;
WP2009;2;Woonplaatsen;114;Baard;
WP1251;2;Woonplaatsen;115;Baarland;
WP2883;2;Woonplaatsen;116;Baarle-Nassau;
WP2602;2;Woonplaatsen;117;Baarlo;
WP2691;2;Woonplaatsen;118;Baarlo;
WP1092;2;Woonplaatsen;119;Baarn;
WP2692;2;Woonplaatsen;120;Baars;
WP1298;2;Woonplaatsen;121;Babberich;
WP1951;2;Woonplaatsen;122;Babyloniënbroek;
WP1420;2;Woonplaatsen;123;Bad Nieuweschans;
WP1617;2;Woonplaatsen;124;Badhoevedorp;
WP2940;2;Woonplaatsen;125;Baexem;
WP2465;2;Woonplaatsen;126;Baflo;
WP2090;2;Woonplaatsen;127;Bakel;
WP1673;2;Woonplaatsen;128;Bakhuizen;
WP3342;2;Woonplaatsen;129;Bakkeveen;
WP2570;2;Woonplaatsen;130;Balgoij;
WP3005;2;Woonplaatsen;131;Balinge;
WP1674;2;Woonplaatsen;132;Balk;
WP1540;2;Woonplaatsen;133;Balkbrug;
WP1153;2;Woonplaatsen;134;Balloërveld;
WP1152;2;Woonplaatsen;135;Balloo;
WP2587;2;Woonplaatsen;136;Ballum;
WP3067;2;Woonplaatsen;137;Baneheide;
WP1690;2;Woonplaatsen;138;Banholt;
WP1272;2;Woonplaatsen;139;Bant;
WP2239;2;Woonplaatsen;140;Bantega;
WP1335;2;Woonplaatsen;141;Barchem;
WP1594;2;Woonplaatsen;142;Barendrecht;
WP1987;2;Woonplaatsen;143;Barger-Compascuum;
WP3597;2;Woonplaatsen;144;Barneveld;
WP2514;2;Woonplaatsen;145;Barsingerhorn;
WP2693;2;Woonplaatsen;146;Basse;
WP2568;2;Woonplaatsen;147;Batenburg;
WP2854;2;Woonplaatsen;148;Bathmen;
WP3624;2;Woonplaatsen;149;Bavel;
WP3437;2;Woonplaatsen;150;Bavel AC;
WP2010;2;Woonplaatsen;151;Bears;
WP2829;2;Woonplaatsen;152;Bedum;
WP1918;2;Woonplaatsen;153;Beegden;
WP2872;2;Woonplaatsen;154;Beek;
WP2203;2;Woonplaatsen;155;Beek;
WP1670;2;Woonplaatsen;156;Beek;
WP1446;2;Woonplaatsen;157;Beek en Donk;
WP2258;2;Woonplaatsen;158;Beekbergen;
WP2254;2;Woonplaatsen;159;Beemte Broekland;
WP1449;2;Woonplaatsen;160;Beers NB;
WP3508;2;Woonplaatsen;161;Beerta;
WP2548;2;Woonplaatsen;162;Beerze;
WP2549;2;Woonplaatsen;163;Beerzerveld;
WP3213;2;Woonplaatsen;164;Beesd;
WP1950;2;Woonplaatsen;165;Beesel;
WP1837;2;Woonplaatsen;166;Beets;
WP3343;2;Woonplaatsen;167;Beetsterzwaag;
WP3006;2;Woonplaatsen;168;Beilen;
WP1610;2;Woonplaatsen;169;Beinsdorp;
WP1476;2;Woonplaatsen;170;Belfeld;
WP2231;2;Woonplaatsen;171;Bellingwolde;
WP1661;2;Woonplaatsen;172;Beltrum;
WP2694;2;Woonplaatsen;173;Belt-Schutsloot;
WP1691;2;Woonplaatsen;174;Bemelen;
WP3131;2;Woonplaatsen;175;Bemmel;
WP1769;2;Woonplaatsen;176;Beneden-Leeuwen;
WP3533;2;Woonplaatsen;177;Bennebroek;
WP2766;2;Woonplaatsen;178;Bennekom;
WP2146;2;Woonplaatsen;179;Benneveld;
WP3148;2;Woonplaatsen;180;Benningbroek;
WP1958;2;Woonplaatsen;181;Benschop;
WP1439;2;Woonplaatsen;182;Bentelo;
WP2853;2;Woonplaatsen;183;Benthuizen;
WP1306;2;Woonplaatsen;184;Bentveld;
WP3618;2;Woonplaatsen;185;Berg en Dal;
WP1716;2;Woonplaatsen;186;Berg en Terblijt;
WP2365;2;Woonplaatsen;187;Bergambacht;
WP1457;2;Woonplaatsen;188;Bergeijk;
WP3047;2;Woonplaatsen;189;Bergen (NH);
WP3046;2;Woonplaatsen;190;Bergen aan Zee;
WP1121;2;Woonplaatsen;191;Bergen L;
WP1937;2;Woonplaatsen;192;Bergen op Zoom;
WP1541;2;Woonplaatsen;193;Bergentheim;
WP2565;2;Woonplaatsen;194;Bergharen;
WP3250;2;Woonplaatsen;195;Berghem;
WP1688;2;Woonplaatsen;196;Bergschenhoek;
WP3438;2;Woonplaatsen;197;Beringe;
WP1687;2;Woonplaatsen;198;Berkel en Rodenrijs;
WP1044;2;Woonplaatsen;199;Berkel-Enschot;
WP2366;2;Woonplaatsen;200;Berkenwoude;
WP1184;2;Woonplaatsen;201;Berkhout;
WP2057;2;Woonplaatsen;202;Berlicum;
WP2724;2;Woonplaatsen;203;Berltsum;
WP2627;2;Woonplaatsen;204;Bern;
WP1456;2;Woonplaatsen;205;Best;
WP1214;2;Woonplaatsen;206;Beugen;
WP1711;2;Woonplaatsen;207;Beuningen;
WP2751;2;Woonplaatsen;208;Beuningen Gld;
WP3371;2;Woonplaatsen;209;Beusichem;
WP1230;2;Woonplaatsen;210;Beutenaken;
WP2735;2;Woonplaatsen;211;Beverwijk;
WP2429;2;Woonplaatsen;212;Biddinghuizen;
WP3232;2;Woonplaatsen;213;Bierum;
WP1129;2;Woonplaatsen;214;Biervliet;
WP2975;2;Woonplaatsen;215;Biervliet;
WP1309;2;Woonplaatsen;216;Biest-Houtakker;
WP1425;2;Woonplaatsen;217;Biezenmortel;
WP2775;2;Woonplaatsen;218;Biggekerke;
WP2934;2;Woonplaatsen;219;De Bilt;
WP2935;2;Woonplaatsen;220;Bilthoven;
WP2845;2;Woonplaatsen;221;Bingelrade;
WP2722;2;Woonplaatsen;222;Bitgum;
WP2723;2;Woonplaatsen;223;Bitgummole;
WP1064;2;Woonplaatsen;224;Bladel;
WP2695;2;Woonplaatsen;225;Blankenham;
WP2828;2;Woonplaatsen;226;Blaricum;
WP3509;2;Woonplaatsen;227;Blauwestad;
WP2401;2;Woonplaatsen;228;Blauwhuis;
WP1689;2;Woonplaatsen;229;Bleiswijk;
WP1720;2;Woonplaatsen;230;Blesdijke;
WP1980;2;Woonplaatsen;231;Bleskensgraaf ca;
WP1722;2;Woonplaatsen;232;De Blesse;
WP2725;2;Woonplaatsen;233;Blessum;
WP3199;2;Woonplaatsen;234;Blije;
WP2232;2;Woonplaatsen;235;Blijham;
WP1856;2;Woonplaatsen;236;Blitterswijck;
WP2654;2;Woonplaatsen;237;Bloemendaal;
WP3613;2;Woonplaatsen;238;Blokker;
WP2696;2;Woonplaatsen;239;Blokzijl;
WP3389;2;Woonplaatsen;240;Boarnwert;
WP2011;2;Woonplaatsen;241;Boazum;
WP3066;2;Woonplaatsen;242;Bocholtz;
WP2665;2;Woonplaatsen;243;Bodegraven;
WP3138;2;Woonplaatsen;244;Boekel;
WP3174;2;Woonplaatsen;245;Boelenslaan;
WP1371;2;Woonplaatsen;246;Boer;
WP1829;2;Woonplaatsen;247;Ten Boer;
WP2259;2;Woonplaatsen;248;Boerakker;
WP1615;2;Woonplaatsen;249;Boesingheliede;
WP1721;2;Woonplaatsen;250;Boijl;
WP2726;2;Woonplaatsen;251;Boksum;
WP2079;2;Woonplaatsen;252;Bolsward;
WP2132;2;Woonplaatsen;253;Den Bommel;
WP2193;2;Woonplaatsen;254;Bontebok;
WP3275;2;Woonplaatsen;255;Boornbergum;
WP2485;2;Woonplaatsen;256;Boornzwaag;
WP1659;2;Woonplaatsen;257;Borculo;
WP1782;2;Woonplaatsen;258;Borger;
WP1242;2;Woonplaatsen;259;Borgercompagnie;
WP2275;2;Woonplaatsen;260;Borgercompagnie;
WP3233;2;Woonplaatsen;261;Borgsweer;
WP2808;2;Woonplaatsen;262;Born;
WP3511;2;Woonplaatsen;263;Borne;
WP1926;2;Woonplaatsen;264;Bornerbroek;
WP1252;2;Woonplaatsen;265;Borssele;
WP2823;2;Woonplaatsen;266;Bosch en Duin;
WP3105;2;Woonplaatsen;267;Boschoord;
WP2998;2;Woonplaatsen;268;Boskoop;
WP1249;2;Woonplaatsen;269;Bosschenhoofd;
WP3080;2;Woonplaatsen;270;Botlek Rotterdam;
WP2294;2;Woonplaatsen;271;Bourtange;
WP1102;2;Woonplaatsen;272;Bovenkarspel;
WP1770;2;Woonplaatsen;273;Boven-Leeuwen;
WP3007;2;Woonplaatsen;274;Bovensmilde;
WP1215;2;Woonplaatsen;275;Boxmeer;
WP2439;2;Woonplaatsen;276;Boxtel;
WP2204;2;Woonplaatsen;277;Braamt;
WP2628;2;Woonplaatsen;278;Brakel;
WP1981;2;Woonplaatsen;279;Brandwijk;
WP3390;2;Woonplaatsen;280;Brantgum;
WP3622;2;Woonplaatsen;281;Breda;
WP1194;2;Woonplaatsen;282;Bredevoort;
WP1587;2;Woonplaatsen;283;Breedenbroek;
WP3186;2;Woonplaatsen;284;Breezand;
WP2303;2;Woonplaatsen;285;Breezanddijk;
WP2965;2;Woonplaatsen;286;Breskens;
WP1392;2;Woonplaatsen;287;Breukelen;
WP3004;2;Woonplaatsen;288;Breukeleveen;
WP2368;2;Woonplaatsen;289;Brielle;
WP2115;2;Woonplaatsen;290;Briltil;
WP3225;2;Woonplaatsen;291;Britsum;
WP2012;2;Woonplaatsen;292;Britswert;
WP2486;2;Woonplaatsen;293;Broek;
WP1940;2;Woonplaatsen;294;Broek in Waterland;
WP1116;2;Woonplaatsen;295;Broek op Langedijk;
WP1027;2;Woonplaatsen;296;Broekhuizen;
WP1086;2;Woonplaatsen;297;Broekhuizen;
WP1028;2;Woonplaatsen;298;Broekhuizenvorst;
WP1497;2;Woonplaatsen;299;Broekland;
WP3265;2;Woonplaatsen;300;Broeksterwâld;
WP1530;2;Woonplaatsen;301;Bronkhorst;
WP1783;2;Woonplaatsen;302;Bronneger;
WP1784;2;Woonplaatsen;303;Bronnegerveen;
WP2674;2;Woonplaatsen;304;Brouwershaven;
WP2629;2;Woonplaatsen;305;Bruchem;
WP1542;2;Woonplaatsen;306;Brucht;
WP3609;2;Woonplaatsen;307;Bruchterveld;
WP3320;2;Woonplaatsen;308;Bruinehaar;
WP2675;2;Woonplaatsen;309;Bruinisse;
WP1111;2;Woonplaatsen;310;Brummen;
WP2849;2;Woonplaatsen;311;Brunssum;
WP3008;2;Woonplaatsen;312;Bruntinge;
WP2809;2;Woonplaatsen;313;Buchten;
WP1571;2;Woonplaatsen;314;Budel;
WP1573;2;Woonplaatsen;315;Budel-Dorplein;
WP1572;2;Woonplaatsen;316;Budel-Schoot;
WP2941;2;Woonplaatsen;317;Buggenum;
WP1785;2;Woonplaatsen;318;Buinen;
WP1786;2;Woonplaatsen;319;Buinerveen;
WP1607;2;Woonplaatsen;320;Buitenkaag;
WP3175;2;Woonplaatsen;321;Buitenpost;
WP2697;2;Woonplaatsen;322;De Bult;
WP1461;2;Woonplaatsen;323;Bunde;
WP2914;2;Woonplaatsen;324;Bunne;
WP2603;2;Woonplaatsen;325;Bunnik;
WP2237;2;Woonplaatsen;326;Bunschoten-Spakenburg;
WP3200;2;Woonplaatsen;327;Burdaard;
WP3372;2;Woonplaatsen;328;Buren;
WP2589;2;Woonplaatsen;329;Buren;
WP2740;2;Woonplaatsen;330;Den Burg;
WP2762;2;Woonplaatsen;331;Burgerbrug;
WP1603;2;Woonplaatsen;332;Burgerveen;
WP2676;2;Woonplaatsen;333;Burgh-Haamstede;
WP2451;2;Woonplaatsen;334;Burgum;
WP2304;2;Woonplaatsen;335;Burgwerd;
WP3308;2;Woonplaatsen;336;Burum;
WP1331;2;Woonplaatsen;337;Bussum;
WP3373;2;Woonplaatsen;338;Buurmalsen;
WP3532;2;Woonplaatsen;339;Buurmalsen;
WP1692;3;Woonplaatsen;340;Cadier en Keer;
WP2964;3;Woonplaatsen;341;Cadzand;
WP2757;3;Woonplaatsen;342;Callantsoog;
WP1105;3;Woonplaatsen;343;Capelle aan den IJssel;
WP2885;3;Woonplaatsen;344;Castelre;
WP2328;3;Woonplaatsen;345;Castenray;
WP1067;3;Woonplaatsen;346;Casteren;
WP2268;3;Woonplaatsen;347;Castricum;
WP3433;3;Woonplaatsen;348;Chaam;
WP3092;3;Woonplaatsen;349;Clinge;
WP2737;3;Woonplaatsen;350;De Cocksdorp;
WP2147;3;Woonplaatsen;351;Coevorden;
WP3190;3;Woonplaatsen;352;Colijnsplaat;
WP1544;3;Woonplaatsen;353;Collendoorn;
WP2855;3;Woonplaatsen;354;Colmschate;
WP2305;3;Woonplaatsen;355;Cornwerd;
WP1304;3;Woonplaatsen;356;Cothen;
WP1281;3;Woonplaatsen;357;Creil;
WP1620;3;Woonplaatsen;358;Cromvoirt;
WP1612;3;Woonplaatsen;359;Cruquius;
WP1450;3;Woonplaatsen;360;Cuijk;
WP2052;3;Woonplaatsen;361;Culemborg;
WP1038;4;Woonplaatsen;362;Daarle;
WP1039;4;Woonplaatsen;363;Daarlerveen;
WP2300;4;Woonplaatsen;364;Dalem;
WP2148;4;Woonplaatsen;365;Dalen;
WP2149;4;Woonplaatsen;366;Dalerpeel;
WP2150;4;Woonplaatsen;367;Dalerveen;
WP1237;4;Woonplaatsen;368;Dalfsen;
WP2550;4;Woonplaatsen;369;Dalmsholte;
WP3266;4;Woonplaatsen;370;Damwâld;
WP3106;4;Woonplaatsen;371;Darp;
WP2526;4;Woonplaatsen;372;Dearsum;
WP1546;4;Woonplaatsen;373;Dedemsvaart;
WP2306;4;Woonplaatsen;374;Dedgum;
WP2773;4;Woonplaatsen;375;Deelen;
WP2903;4;Woonplaatsen;376;Deest;
WP3217;4;Woonplaatsen;377;Deil;
WP2727;4;Woonplaatsen;378;Deinum;
WP1440;4;Woonplaatsen;379;Delden;
WP1143;4;Woonplaatsen;380;Delfgauw;
WP2240;4;Woonplaatsen;381;Delfstrahuizen;
WP2138;4;Woonplaatsen;382;Delft;
WP3234;4;Woonplaatsen;383;Delfzijl;
WP2630;4;Woonplaatsen;384;Delwijnen;
WP3260;4;Woonplaatsen;385;Demen;
WP1408;4;Woonplaatsen;386;Denekamp;
WP1774;4;Woonplaatsen;387;Deurne;
WP1669;4;Woonplaatsen;388;Deurningen;
WP1409;4;Woonplaatsen;389;Deurningen;
WP3256;4;Woonplaatsen;390;Deursen-Dennenburg;
WP1154;4;Woonplaatsen;391;Deurze;
WP2856;4;Woonplaatsen;392;Deventer;
WP2205;4;Woonplaatsen;393;Didam;
WP3259;4;Woonplaatsen;394;Dieden;
WP2144;4;Woonplaatsen;395;Diemen;
WP1441;4;Woonplaatsen;396;Diepenheim;
WP2857;4;Woonplaatsen;397;Diepenveen;
WP1504;4;Woonplaatsen;398;Dieren;
WP1308;4;Woonplaatsen;399;Diessen;
WP3107;4;Woonplaatsen;400;Diever;
WP3108;4;Woonplaatsen;401;Dieverbrug;
WP1548;4;Woonplaatsen;402;Diffelen;
WP2487;4;Woonplaatsen;403;Dijken;
WP1402;4;Woonplaatsen;404;Dinteloord;
WP1196;4;Woonplaatsen;405;Dinxperlo;
WP2152;4;Woonplaatsen;406;Diphoorn;
WP3289;4;Woonplaatsen;407;Dirkshorn;
WP2377;4;Woonplaatsen;408;Dirksland;
WP1094;4;Woonplaatsen;409;Dodewaard;
WP2100;4;Woonplaatsen;410;Doenrade;
WP2142;4;Woonplaatsen;411;Doesburg;
WP3246;4;Woonplaatsen;412;Doetinchem;
WP3514;4;Woonplaatsen;413;Doeveren;
WP2174;4;Woonplaatsen;414;Doezum;
WP3391;4;Woonplaatsen;415;Dokkum;
WP2822;4;Woonplaatsen;416;Den Dolder;
WP3109;4;Woonplaatsen;417;Doldersum;
WP2776;4;Woonplaatsen;418;Domburg;
WP2916;4;Woonplaatsen;419;Donderen;
WP2799;4;Woonplaatsen;420;Dongen;
WP1372;4;Woonplaatsen;421;Dongjum;
WP2488;4;Woonplaatsen;422;Doniaga;
WP1754;4;Woonplaatsen;423;Donkerbroek;
WP3339;4;Woonplaatsen;424;Doorn;
WP3134;4;Woonplaatsen;425;Doornenburg;
WP1846;4;Woonplaatsen;426;Doornspijk;
WP2986;4;Woonplaatsen;427;Doorwerth;
WP2351;4;Woonplaatsen;428;Dordrecht;
WP2959;4;Woonplaatsen;429;Dorst;
WP3279;4;Woonplaatsen;430;Drachten;
WP3344;4;Woonplaatsen;431;Drachten-Azeven;
WP3280;4;Woonplaatsen;432;Drachtstercompagnie;
WP2677;4;Woonplaatsen;433;Dreischor;
WP1520;4;Woonplaatsen;434;Drempt;
WP1771;4;Woonplaatsen;435;Dreumel;
WP3335;4;Woonplaatsen;436;Driebergen-Rijsenburg;
WP1422;4;Woonplaatsen;437;Drieborg;
WP2477;4;Woonplaatsen;438;Driebruggen;
WP2836;4;Woonplaatsen;439;Driehuis NH;
WP1886;4;Woonplaatsen;440;Driehuizen;
WP1863;4;Woonplaatsen;441;Driel;
WP1253;4;Woonplaatsen;442;Driewegen;
WP3268;4;Woonplaatsen;443;Driezum;
WP3009;4;Woonplaatsen;444;Drijber;
WP2574;4;Woonplaatsen;445;Drimmelen;
WP3176;4;Woonplaatsen;446;Drogeham;
WP3163;4;Woonplaatsen;447;Drogteropslagen;
WP1952;4;Woonplaatsen;448;Drongelen;
WP2729;4;Woonplaatsen;449;Dronryp;
WP2430;4;Woonplaatsen;450;Dronten;
WP1787;4;Woonplaatsen;451;Drouwen;
WP1788;4;Woonplaatsen;452;Drouwenermond;
WP1789;4;Woonplaatsen;453;Drouwenerveen;
WP3589;4;Woonplaatsen;454;Drunen;
WP2904;4;Woonplaatsen;455;Druten;
WP2096;4;Woonplaatsen;456;Duiven;
WP3568;4;Woonplaatsen;457;Duivendrecht;
WP2992;4;Woonplaatsen;458;Duizel;
WP2058;4;Woonplaatsen;459;Den Dungen;
WP2214;4;Woonplaatsen;460;Dussen;
WP3110;4;Woonplaatsen;461;Dwingeloo;
WP2524;5;Woonplaatsen;462;Eagum;
WP3388;5;Woonplaatsen;463;Eanjum;
WP2456;5;Woonplaatsen;464;Earnewâld;
WP2013;5;Woonplaatsen;465;Easterein;
WP2014;5;Woonplaatsen;466;Easterlittens;
WP2454;5;Woonplaatsen;467;Eastermar;
WP3407;5;Woonplaatsen;468;Easternijtsjerk;
WP2015;5;Woonplaatsen;469;Easterwierrum;
WP3408;5;Woonplaatsen;470;Eastrum;
WP2041;5;Woonplaatsen;471;Echt;
WP3524;5;Woonplaatsen;472;Echteld;
WP3164;5;Woonplaatsen;473;Echten;
WP2241;5;Woonplaatsen;474;Echten;
WP2242;5;Woonplaatsen;475;Echtenerbrug;
WP3374;5;Woonplaatsen;476;Eck en Wiel;
WP1693;5;Woonplaatsen;477;Eckelrade;
WP1747;5;Woonplaatsen;478;Edam;
WP2764;5;Woonplaatsen;479;Ede;
WP2769;5;Woonplaatsen;480;Ederveen;
WP2966;5;Woonplaatsen;481;Eede;
WP1336;5;Woonplaatsen;482;Eefde;
WP2909;5;Woonplaatsen;483;Eelde;
WP2911;5;Woonplaatsen;484;Eelderwolde;
WP2238;5;Woonplaatsen;485;Eemdijk;
WP1037;5;Woonplaatsen;486;Eemnes;
WP3473;5;Woonplaatsen;487;Eemshaven;
WP1634;5;Woonplaatsen;488;Een;
WP3415;5;Woonplaatsen;489;Eenrum;
WP3444;5;Woonplaatsen;490;Eenum;
WP1635;5;Woonplaatsen;491;Een-West;
WP1114;5;Woonplaatsen;492;Eerbeek;
WP2993;5;Woonplaatsen;493;Eersel;
WP1790;5;Woonplaatsen;494;Ees;
WP1791;5;Woonplaatsen;495;Eesergroen;
WP1792;5;Woonplaatsen;496;Eeserveen;
WP2243;5;Woonplaatsen;497;Eesterga;
WP2699;5;Woonplaatsen;498;Eesveen;
WP1953;5;Woonplaatsen;499;Eethen;
WP1155;5;Woonplaatsen;500;Eext;
WP1156;5;Woonplaatsen;501;Eexterveen;
WP1157;5;Woonplaatsen;502;Eexterveenschekanaal;
WP1158;5;Woonplaatsen;503;Eexterzandvoort;
WP3439;5;Woonplaatsen;504;Egchel;
WP3048;5;Woonplaatsen;505;Egmond aan den Hoef;
WP3049;5;Woonplaatsen;506;Egmond aan Zee;
WP3050;5;Woonplaatsen;507;Egmond-Binnen;
WP1662;5;Woonplaatsen;508;Eibergen;
WP1700;5;Woonplaatsen;509;Eijsden;
WP1101;5;Woonplaatsen;510;Eindhoven;
WP2810;5;Woonplaatsen;511;Einighausen;
WP1159;5;Woonplaatsen;512;Ekehaar;
WP1675;5;Woonplaatsen;513;Elahuizen;
WP1844;5;Woonplaatsen;514;Elburg;
WP1160;5;Woonplaatsen;515;Eldersloo;
WP1161;5;Woonplaatsen;516;Eleveld;
WP1811;5;Woonplaatsen;517;Elim;
WP1235;5;Woonplaatsen;518;Elkenrade;
WP2942;5;Woonplaatsen;519;Ell;
WP1503;5;Woonplaatsen;520;Ellecom;
WP2678;5;Woonplaatsen;521;Ellemeet;
WP1793;5;Woonplaatsen;522;Ellertshaar;
WP1254;5;Woonplaatsen;523;Ellewoutsdijk;
WP3010;5;Woonplaatsen;524;Elp;
WP2095;5;Woonplaatsen;525;Elsendorp;
WP3590;5;Woonplaatsen;526;Elshout;
WP1755;5;Woonplaatsen;527;Elsloo;
WP1914;5;Woonplaatsen;528;Elsloo;
WP2983;5;Woonplaatsen;529;Elspeet;
WP1864;5;Woonplaatsen;530;Elst;
WP1400;5;Woonplaatsen;531;Elst Ut;
WP1271;5;Woonplaatsen;532;Emmeloord;
WP1988;5;Woonplaatsen;533;Emmen;
WP1989;5;Woonplaatsen;534;Emmer-Compascuum;
WP1109;5;Woonplaatsen;535;Empe;
WP1346;5;Woonplaatsen;536;Emst;
WP2754;5;Woonplaatsen;537;Enkhuizen;
WP1276;5;Woonplaatsen;538;Ens;
WP1145;5;Woonplaatsen;539;Enschede;
WP3216;5;Woonplaatsen;540;Enspijk;
WP1088;5;Woonplaatsen;541;Enter;
WP2340;5;Woonplaatsen;542;Enumatil;
WP1344;5;Woonplaatsen;543;Epe;
WP1232;5;Woonplaatsen;544;Epen;
WP3474;5;Woonplaatsen;545;Eppenhuizen;
WP1337;5;Woonplaatsen;546;Epse;
WP1990;5;Woonplaatsen;547;Erica;
WP3375;5;Woonplaatsen;548;Erichem;
WP2874;5;Woonplaatsen;549;Erlecom;
WP2153;5;Woonplaatsen;550;Erm;
WP2573;5;Woonplaatsen;551;Ermelo;
WP2826;5;Woonplaatsen;552;Erp;
WP1311;5;Woonplaatsen;553;Esbeek;
WP1426;5;Woonplaatsen;554;Esch;
WP3195;5;Woonplaatsen;555;Escharen;
WP1280;5;Woonplaatsen;556;Espel;
WP3359;5;Woonplaatsen;557;Est;
WP1581;5;Woonplaatsen;558;Etten;
WP1010;5;Woonplaatsen;559;Etten-Leur;
WP3081;5;Woonplaatsen;560;Europoort Rotterdam;
WP3165;5;Woonplaatsen;561;Eursinge;
WP3011;5;Woonplaatsen;562;Eursinge;
WP2840;5;Woonplaatsen;563;Everdingen;
WP1517;5;Woonplaatsen;564;Evertsoord;
WP2752;5;Woonplaatsen;565;Ewijk;
WP1779;5;Woonplaatsen;566;1e Exloërmond;
WP1780;5;Woonplaatsen;567;2e Exloërmond;
WP1794;5;Woonplaatsen;568;Exloërveen;
WP1795;5;Woonplaatsen;569;Exloo;
WP2307;5;Woonplaatsen;570;Exmorra;
WP2650;5;Woonplaatsen;571;Eygelshoven;
WP1234;5;Woonplaatsen;572;Eys;
WP2467;5;Woonplaatsen;573;Ezinge;
WP3267;6;Woonplaatsen;574;De Falom;
WP3235;6;Woonplaatsen;575;Farmsum;
WP3315;6;Woonplaatsen;576;Feankleaster;
WP3271;6;Woonplaatsen;577;Feanwâlden;
WP2468;6;Woonplaatsen;578;Feerwerd;
WP3226;6;Woonplaatsen;579;Feinsum;
WP3201;6;Woonplaatsen;580;Ferwert;
WP2308;6;Woonplaatsen;581;Ferwoude;
WP1321;6;Woonplaatsen;582;Fijnaart;
WP1419;6;Woonplaatsen;583;Finsterwolde;
WP1378;6;Woonplaatsen;584;Firdgum;
WP1284;6;Woonplaatsen;585;Fleringen;
WP1812;6;Woonplaatsen;586;Fluitenberg;
WP1756;6;Woonplaatsen;587;Fochteloo;
WP2244;6;Woonplaatsen;588;Follega;
WP2402;6;Woonplaatsen;589;Folsgare;
WP2617;6;Woonplaatsen;590;Formerum;
WP3394;6;Woonplaatsen;591;Foudgum;
WP1017;6;Woonplaatsen;592;Foxhol;
WP1636;6;Woonplaatsen;593;Foxwolde;
WP1366;6;Woonplaatsen;594;Franeker;
WP3111;6;Woonplaatsen;595;Frederiksoord;
WP2527;6;Woonplaatsen;596;Friens;
WP3345;6;Woonplaatsen;597;Frieschepalen;
WP1348;6;Woonplaatsen;598;Froombosch;
WP3247;7;Woonplaatsen;599;Gaanderen;
WP2309;7;Woonplaatsen;600;Gaast;
WP2403;7;Woonplaatsen;601;Gaastmeer;
WP3434;7;Woonplaatsen;602;Galder;
WP2631;7;Woonplaatsen;603;Gameren;
WP2777;7;Woonplaatsen;604;Gapinge;
WP1057;7;Woonplaatsen;605;Garderen;
WP1831;7;Woonplaatsen;606;Garmerwolde;
WP3012;7;Woonplaatsen;607;Garminge;
WP2469;7;Woonplaatsen;608;Garnwerd;
WP3445;7;Woonplaatsen;609;Garrelsweer;
WP3446;7;Woonplaatsen;610;Garsthuizen;
WP2455;7;Woonplaatsen;611;Garyp;
WP3196;7;Woonplaatsen;612;Gassel;
WP1162;7;Woonplaatsen;613;Gasselte;
WP1163;7;Woonplaatsen;614;Gasselternijveen;
WP1164;7;Woonplaatsen;615;Gasselternijveenschemond;
WP1570;7;Woonplaatsen;616;Gastel;
WP1165;7;Woonplaatsen;617;Gasteren;
WP2404;7;Woonplaatsen;618;Gauw;
WP1166;7;Woonplaatsen;619;Geelbroek;
WP3322;7;Woonplaatsen;620;Geerdijk;
WP3193;7;Woonplaatsen;621;Geersdijk;
WP1751;7;Woonplaatsen;622;Geertruidenberg;
WP1386;7;Woonplaatsen;623;Geervliet;
WP2154;7;Woonplaatsen;624;Gees;
WP2155;7;Woonplaatsen;625;Geesbrug;
WP1655;7;Woonplaatsen;626;Geesteren;
WP1285;7;Woonplaatsen;627;Geesteren;
WP3112;7;Woonplaatsen;628;Geeuwenbrug;
WP3610;7;Woonplaatsen;629;Geffen;
WP1857;7;Woonplaatsen;630;Geijsteren;
WP3529;7;Woonplaatsen;631;Geldermalsen;
WP2645;7;Woonplaatsen;632;Gelderswoude;
WP1126;7;Woonplaatsen;633;Geldrop;
WP3513;7;Woonplaatsen;634;Geleen;
WP3214;7;Woonplaatsen;635;Gellicum;
WP1654;7;Woonplaatsen;636;Gelselaar;
WP2089;7;Woonplaatsen;637;Gemert;
WP2059;7;Woonplaatsen;638;Gemonde;
WP1954;7;Woonplaatsen;639;Genderen;
WP1585;7;Woonplaatsen;640;Gendringen;
WP3132;7;Woonplaatsen;641;Gendt;
WP2198;7;Woonplaatsen;642;Genemuiden;
WP2482;7;Woonplaatsen;643;Gennep;
WP3177;7;Woonplaatsen;644;Gerkesklooster;
WP2185;7;Woonplaatsen;645;Gersloot;
WP1462;7;Woonplaatsen;646;Geulle;
WP1300;7;Woonplaatsen;647;Giesbeek;
WP3302;7;Woonplaatsen;648;Giessen;
WP1433;7;Woonplaatsen;649;Giessenburg;
WP1167;7;Woonplaatsen;650;Gieten;
WP1168;7;Woonplaatsen;651;Gieterveen;
WP2551;7;Woonplaatsen;652;Giethmen;
WP2700;7;Woonplaatsen;653;Giethoorn;
WP2067;7;Woonplaatsen;654;Gilze;
WP3202;7;Woonplaatsen;655;Ginnum;
WP1712;7;Woonplaatsen;656;Glane;
WP1267;7;Woonplaatsen;657;Glimmen;
WP1061;7;Woonplaatsen;658;De Glind;
WP3236;7;Woonplaatsen;659;Godlinze;
WP2931;7;Woonplaatsen;660;Goedereede;
WP2405;7;Woonplaatsen;661;Goënga;
WP3281;7;Woonplaatsen;662;Goëngahuizen;
WP1824;7;Woonplaatsen;663;Goes;
WP2489;7;Woonplaatsen;664;Goingarijp;
WP2880;7;Woonplaatsen;665;Goirle;
WP1442;7;Woonplaatsen;666;Goor;
WP1185;7;Woonplaatsen;667;De Goorn;
WP2299;7;Woonplaatsen;668;Gorinchem;
WP3346;7;Woonplaatsen;669;Gorredijk;
WP1338;7;Woonplaatsen;670;Gorssel;
WP1005;7;Woonplaatsen;671;Gouda;
WP2374;7;Woonplaatsen;672;Gouderak;
WP3627;7;Woonplaatsen;673;Goudriaan;
WP2886;7;Woonplaatsen;674;Goudswaard;
WP3616;7;Woonplaatsen;675;Goutum;
WP2054;7;Woonplaatsen;676;'t Goy;
WP3094;7;Woonplaatsen;677;Graauw;
WP2896;7;Woonplaatsen;678;Grafhorst;
WP1903;7;Woonplaatsen;679;Graft;
WP1549;7;Woonplaatsen;680;Gramsbergen;
WP3440;7;Woonplaatsen;681;Grashoek;
WP2943;7;Woonplaatsen;682;Grathem;
WP3197;7;Woonplaatsen;683;Grave;
WP3000;7;Woonplaatsen;684;'s-Graveland;
WP2380;7;Woonplaatsen;685;'s-Gravendeel;
WP1245;7;Woonplaatsen;686;'s-Gravenhage;
WP2800;7;Woonplaatsen;687;'s Gravenmoer;
WP1263;7;Woonplaatsen;688;'s-Gravenpolder;
WP2662;7;Woonplaatsen;689;'s-Gravenzande;
WP2406;7;Woonplaatsen;690;Greonterp;
WP2812;7;Woonplaatsen;691;Grevenbicht;
WP1029;7;Woonplaatsen;692;Griendtsveen;
WP2118;7;Woonplaatsen;693;Grijpskerk;
WP2778;7;Woonplaatsen;694;Grijpskerke;
WP2967;7;Woonplaatsen;695;Groede;
WP2937;7;Woonplaatsen;696;Groenekan;
WP1216;7;Woonplaatsen;697;Groeningen;
WP2224;7;Woonplaatsen;698;Groenlo;
WP2291;7;Woonplaatsen;699;Groesbeek;
WP2097;7;Woonplaatsen;700;Groessen;
WP3044;7;Woonplaatsen;701;Groet;
WP2924;7;Woonplaatsen;702;De Groeve;
WP1169;7;Woonplaatsen;703;Grolloo;
WP1070;7;Woonplaatsen;704;Groningen;
WP1701;7;Woonplaatsen;705;Gronsveld;
WP1806;7;Woonplaatsen;706;Groot-Ammers;
WP1103;7;Woonplaatsen;707;Grootebroek;
WP2175;7;Woonplaatsen;708;Grootegast;
WP1887;7;Woonplaatsen;709;Grootschermer;
WP3602;7;Woonplaatsen;710;Grou;
WP1030;7;Woonplaatsen;711;Grubbenvorst;
WP1225;7;Woonplaatsen;712;Gulpen;
WP2813;7;Woonplaatsen;713;Guttecoven;
WP2444;7;Woonplaatsen;714;Gytsjerk;
WP3360;8;Woonplaatsen;715;Haaften;
WP2347;8;Woonplaatsen;716;Haaksbergen;
WP3136;8;Woonplaatsen;717;Haalderen;
WP2164;8;Woonplaatsen;718;'t Haantje;
WP1427;8;Woonplaatsen;719;Haaren;
WP1286;8;Woonplaatsen;720;Haarle;
WP1040;8;Woonplaatsen;721;Haarle;
WP2907;8;Woonplaatsen;722;Haarlem;
WP2641;8;Woonplaatsen;723;Haarlemmerliede;
WP1660;8;Woonplaatsen;724;Haarlo;
WP3500;8;Woonplaatsen;725;Haarsteeg;
WP3298;8;Woonplaatsen;726;Haarzuilens;
WP2387;8;Woonplaatsen;727;Haastrecht;
WP2944;8;Woonplaatsen;728;Haelen;
WP3625;8;Woonplaatsen;729;Hagestein;
WP1310;8;Woonplaatsen;730;Haghorst;
WP2945;8;Woonplaatsen;731;Haler;
WP2643;8;Woonplaatsen;732;Halfweg;
WP1113;8;Woonplaatsen;733;Hall;
WP3575;8;Woonplaatsen;734;Halle;
WP3203;8;Woonplaatsen;735;Hallum;
WP1938;8;Woonplaatsen;736;Halsteren;
WP2116;8;Woonplaatsen;737;Den Ham;
WP3321;8;Woonplaatsen;738;Den Ham;
WP2092;8;Woonplaatsen;739;Handel;
WP2215;8;Woonplaatsen;740;Hank;
WP3461;8;Woonplaatsen;741;Hansweert;
WP3395;8;Woonplaatsen;742;Hantum;
WP3396;8;Woonplaatsen;743;Hantumerútbuorren;
WP3397;8;Woonplaatsen;744;Hantumhuzen;
WP1065;8;Woonplaatsen;745;Hapert;
WP1451;8;Woonplaatsen;746;Haps;
WP1287;8;Woonplaatsen;747;Harbrinkhoek;
WP1845;8;Woonplaatsen;748;'t Harde;
WP3608;8;Woonplaatsen;749;Hardenberg;
WP3222;8;Woonplaatsen;750;Harderwijk;
WP3031;8;Woonplaatsen;751;Hardinxveld-Giessendam;
WP3253;8;Woonplaatsen;752;Haren;
WP1266;8;Woonplaatsen;753;Haren Gn;
WP1339;8;Woonplaatsen;754;Harfsen;
WP1676;8;Woonplaatsen;755;Harich;
WP2515;8;Woonplaatsen;756;Haringhuizen;
WP3178;8;Woonplaatsen;757;Harkema;
WP1349;8;Woonplaatsen;758;Harkstede;
WP3635;8;Woonplaatsen;759;Harkstede GN;
WP2891;8;Woonplaatsen;760;Harlingen;
WP1072;8;Woonplaatsen;761;Harmelen;
WP2228;8;Woonplaatsen;762;Harreveld;
WP2768;8;Woonplaatsen;763;Harskamp;
WP2310;8;Woonplaatsen;764;Hartwerd;
WP2490;8;Woonplaatsen;765;Haskerdijken;
WP2491;8;Woonplaatsen;766;Haskerhorne;
WP2199;8;Woonplaatsen;767;Hasselt;
WP2882;8;Woonplaatsen;768;Hattem;
WP3069;8;Woonplaatsen;769;Hattemerbroek;
WP3576;8;Woonplaatsen;770;Haule;
WP3577;8;Woonplaatsen;771;Haulerwijk;
WP3566;8;Woonplaatsen;772;Hauwert;
WP3113;8;Woonplaatsen;773;Havelte;
WP3114;8;Woonplaatsen;774;Havelterberg;
WP2852;8;Woonplaatsen;775;Hazerswoude-Dorp;
WP2851;8;Woonplaatsen;776;Hazerswoude-Rijndijk;
WP1625;8;Woonplaatsen;777;Hedel;
WP3515;8;Woonplaatsen;778;Hedikhuizen;
WP2623;8;Woonplaatsen;779;Hee;
WP2407;8;Woonplaatsen;780;Heeg;
WP1917;8;Woonplaatsen;781;Heel;
WP2987;8;Woonplaatsen;782;Heelsum;
WP1576;8;Woonplaatsen;783;Heelweg;
WP1551;8;Woonplaatsen;784;Heemserveen;
WP2458;8;Woonplaatsen;785;Heemskerk;
WP2563;8;Woonplaatsen;786;Heemstede;
WP1401;8;Woonplaatsen;787;De Heen;
WP1387;8;Woonplaatsen;788;Heenvliet;
WP1264;8;Woonplaatsen;789;'s-Heer Abtskerke;
WP1822;8;Woonplaatsen;790;'s-Heer Arendskerke;
WP1823;8;Woonplaatsen;791;'s-Heer Hendrikskinderen;
WP2865;8;Woonplaatsen;792;Heerde;
WP2206;8;Woonplaatsen;793;'s-Heerenberg;
WP2899;8;Woonplaatsen;794;'s-Heerenbroek;
WP1265;8;Woonplaatsen;795;'s-Heerenhoek;
WP3523;8;Woonplaatsen;796;Heerenveen;
WP1626;8;Woonplaatsen;797;Heerewaarden;
WP1746;8;Woonplaatsen;798;Heerhugowaard;
WP2398;8;Woonplaatsen;799;Heerjansdam;
WP1590;8;Woonplaatsen;800;Heerle;
WP1312;8;Woonplaatsen;801;Heerlen;
WP3516;8;Woonplaatsen;802;Heesbeen;
WP3059;8;Woonplaatsen;803;Heesch;
WP3361;8;Woonplaatsen;804;Heesselt;
WP3060;8;Woonplaatsen;805;Heeswijk-Dinther;
WP1498;8;Woonplaatsen;806;Heeten;
WP1314;8;Woonplaatsen;807;Heeze;
WP3204;8;Woonplaatsen;808;Hegebeintum;
WP1031;8;Woonplaatsen;809;Hegelsom;
WP2109;8;Woonplaatsen;810;Hei- en Boeicop;
WP2946;8;Woonplaatsen;811;Heibloem;
WP2329;8;Woonplaatsen;812;Heide;
WP1973;8;Woonplaatsen;813;It Heidenskip;
WP2663;8;Woonplaatsen;814;Ter Heijde;
WP2483;8;Woonplaatsen;815;Heijen;
WP1228;8;Woonplaatsen;816;Heijenrath;
WP1318;8;Woonplaatsen;817;Heijningen;
WP3091;8;Woonplaatsen;818;Heikant;
WP2292;8;Woonplaatsen;819;Heilig Landstichting;
WP1899;8;Woonplaatsen;820;Heiligerlee;
WP1243;8;Woonplaatsen;821;Heiloo;
WP2381;8;Woonplaatsen;822;Heinenoord;
WP1255;8;Woonplaatsen;823;Heinkenszand;
WP1492;8;Woonplaatsen;824;Heino;
WP3033;8;Woonplaatsen;825;Hekelingen;
WP1909;8;Woonplaatsen;826;Hekendorp;
WP3441;8;Woonplaatsen;827;Helden;
WP3056;8;Woonplaatsen;828;Den Helder;
WP1778;8;Woonplaatsen;829;Helenaveen;
WP3583;8;Woonplaatsen;830;Hellendoorn;
WP2137;8;Woonplaatsen;831;Hellevoetsluis;
WP3362;8;Woonplaatsen;832;Hellouw;
WP1350;8;Woonplaatsen;833;Hellum;
WP1146;8;Woonplaatsen;834;Helmond;
WP1428;8;Woonplaatsen;835;Helvoirt;
WP1507;8;Woonplaatsen;836;Hem;
WP1970;8;Woonplaatsen;837;Hemelum;
WP1865;8;Woonplaatsen;838;Hemmen;
WP1202;8;Woonplaatsen;839;Hempens;
WP3347;8;Woonplaatsen;840;Hemrik;
WP2352;8;Woonplaatsen;841;Hendrik-Ido-Ambacht;
WP3510;8;Woonplaatsen;842;Hengelo;
WP1535;8;Woonplaatsen;843;Hengelo (Gld);
WP1443;8;Woonplaatsen;844;Hengevelde;
WP3098;8;Woonplaatsen;845;Hengstdijk;
WP1186;8;Woonplaatsen;846;Hensbroek;
WP1365;8;Woonplaatsen;847;Herbaijum;
WP2590;8;Woonplaatsen;848;Herkenbosch;
WP2378;8;Woonplaatsen;849;Herkingen;
WP2566;8;Woonplaatsen;850;Hernen;
WP3255;8;Woonplaatsen;851;Herpen;
WP3517;8;Woonplaatsen;852;Herpt;
WP2282;8;Woonplaatsen;853;Herten;
WP3570;8;Woonplaatsen;854;Hertme;
WP1595;8;Woonplaatsen;855;'s-Hertogenbosch;
WP1866;8;Woonplaatsen;856;Herveld;
WP2977;8;Woonplaatsen;857;Herwen;
WP2354;8;Woonplaatsen;858;Herwijnen;
WP1867;8;Woonplaatsen;859;Heteren;
WP2648;8;Woonplaatsen;860;Heukelom;
WP2355;8;Woonplaatsen;861;Heukelum;
WP3495;8;Woonplaatsen;862;Heumen;
WP1195;8;Woonplaatsen;863;De Heurne;
WP2929;8;Woonplaatsen;864;Heusden;
WP3518;8;Woonplaatsen;865;Heusden;
WP2988;8;Woonplaatsen;866;Heveadorp;
WP2947;8;Woonplaatsen;867;Heythuysen;
WP1288;8;Woonplaatsen;868;Hezingen;
WP3398;8;Woonplaatsen;869;Hiaure;
WP2311;8;Woonplaatsen;870;Hichtum;
WP2016;8;Woonplaatsen;871;Hidaard;
WP3223;8;Woonplaatsen;872;Hierden;
WP2312;8;Woonplaatsen;873;Hieslum;
WP3013;8;Woonplaatsen;874;Hijken;
WP3227;8;Woonplaatsen;875;Hijum;
WP2017;8;Woonplaatsen;876;Hilaard;
WP3535;8;Woonplaatsen;877;Hillegom;
WP1307;8;Woonplaatsen;878;Hilvarenbeek;
WP1036;8;Woonplaatsen;879;Hilversum;
WP1968;8;Woonplaatsen;880;Hindeloopen;
WP2018;8;Woonplaatsen;881;Hinnaard;
WP1488;8;Woonplaatsen;882;Hippolytushoef;
WP1363;8;Woonplaatsen;883;Hitzum;
WP1838;8;Woonplaatsen;884;Hobrede;
WP1256;8;Woonplaatsen;885;Hoedekenskerke;
WP3548;8;Woonplaatsen;886;de Hoef;
WP3626;8;Woonplaatsen;887;Hoef en Haag;
WP1130;8;Woonplaatsen;888;Hoek;
WP3082;8;Woonplaatsen;889;Hoek van Holland;
WP2257;8;Woonplaatsen;890;Hoenderloo;
WP2772;8;Woonplaatsen;891;Hoenderloo;
WP1313;8;Woonplaatsen;892;Hoensbroek;
WP1627;8;Woonplaatsen;893;Hoenzadriel;
WP1723;8;Woonplaatsen;894;De Hoeve;
WP2871;8;Woonplaatsen;895;Hoevelaken;
WP1250;8;Woonplaatsen;896;Hoeven;
WP1089;8;Woonplaatsen;897;Hoge Hexel;
WP2938;8;Woonplaatsen;898;Hollandsche Rading;
WP1813;8;Woonplaatsen;899;Hollandscheveld;
WP2586;8;Woonplaatsen;900;Hollum;
WP2156;8;Woonplaatsen;901;Holsloot;
WP1567;8;Woonplaatsen;902;Holten;
WP1217;8;Woonplaatsen;903;Holthees;
WP1552;8;Woonplaatsen;904;Holtheme;
WP1553;8;Woonplaatsen;905;Holthone;
WP2814;8;Woonplaatsen;906;Holtum;
WP3399;8;Woonplaatsen;907;Holwert;
WP3237;8;Woonplaatsen;908;Holwierde;
WP2408;8;Woonplaatsen;909;Hommerts;
WP1868;8;Woonplaatsen;910;Homoet;
WP2656;8;Woonplaatsen;911;Honselersdijk;
WP1597;8;Woonplaatsen;912;Hoofddorp;
WP2968;8;Woonplaatsen;913;Hoofdplaat;
WP3564;8;Woonplaatsen;914;Hoog Soeren;
WP1434;8;Woonplaatsen;915;Hoogblokland;
WP1874;8;Woonplaatsen;916;Hooge Mierde;
WP2575;8;Woonplaatsen;917;Hooge Zwaluwe;
WP1066;8;Woonplaatsen;918;Hoogeloon;
WP1554;8;Woonplaatsen;919;Hoogenweg;
WP1000;8;Woonplaatsen;920;Hoogerheide;
WP3014;8;Woonplaatsen;921;Hoogersmilde;
WP3115;8;Woonplaatsen;922;Hoogersmilde;
WP1814;8;Woonplaatsen;923;Hoogeveen;
WP1018;8;Woonplaatsen;924;Hoogezand;
WP3015;8;Woonplaatsen;925;Hooghalen;
WP1508;8;Woonplaatsen;926;Hoogkarspel;
WP1521;8;Woonplaatsen;927;Hoog-Keppel;
WP1665;8;Woonplaatsen;928;Hoogland;
WP1666;8;Woonplaatsen;929;Hooglanderveen;
WP3034;8;Woonplaatsen;930;Hoogmade;
WP3083;8;Woonplaatsen;931;Hoogvliet Rotterdam;
WP2790;8;Woonplaatsen;932;Hoogwoud;
WP3614;8;Woonplaatsen;933;Hoorn;
WP2615;8;Woonplaatsen;934;Hoorn;
WP2741;8;Woonplaatsen;935;Den Hoorn;
WP2807;8;Woonplaatsen;936;Den Hoorn;
WP1435;8;Woonplaatsen;937;Hoornaar;
WP2197;8;Woonplaatsen;938;Hoornsterzwaag;
WP2948;8;Woonplaatsen;939;Horn;
WP2117;8;Woonplaatsen;940;Den Horn;
WP3416;8;Woonplaatsen;941;Hornhuizen;
WP2905;8;Woonplaatsen;942;Horssen;
WP1032;8;Woonplaatsen;943;Horst;
WP3595;8;Woonplaatsen;944;Den Hout;
WP2053;8;Woonplaatsen;945;Houten;
WP3282;8;Woonplaatsen;946;Houtigehage;
WP3417;8;Woonplaatsen;947;Houwerzijl;
WP1001;8;Woonplaatsen;948;Huijbergen;
WP1637;8;Woonplaatsen;949;Huis ter Heide;
WP2825;8;Woonplaatsen;950;Huis ter Heide;
WP3057;8;Woonplaatsen;951;Huisduinen;
WP3257;8;Woonplaatsen;952;Huisseling;
WP3130;8;Woonplaatsen;953;Huissen;
WP1011;8;Woonplaatsen;954;Huizen;
WP3447;8;Woonplaatsen;955;Huizinge;
WP2359;8;Woonplaatsen;956;Hulsberg;
WP1875;8;Woonplaatsen;957;Hulsel;
WP2984;8;Woonplaatsen;958;Hulshorst;
WP3088;8;Woonplaatsen;959;Hulst;
WP2068;8;Woonplaatsen;960;Hulten;
WP1523;8;Woonplaatsen;961;Hummelo;
WP2019;8;Woonplaatsen;962;Húns;
WP2949;8;Woonplaatsen;963;Hunsel;
WP2449;8;Woonplaatsen;964;Hurdegaryp;
WP1628;8;Woonplaatsen;965;Hurwenen;
WP2529;9;Woonplaatsen;966;Idaerd;
WP2313;9;Woonplaatsen;967;Idsegahuizum;
WP2492;9;Woonplaatsen;968;Idskenhuizen;
WP1742;9;Woonplaatsen;969;Ter Idzard;
WP2409;9;Woonplaatsen;970;Idzega;
WP3392;9;Woonplaatsen;971;Ie;
WP2020;9;Woonplaatsen;972;Iens;
WP1048;9;Woonplaatsen;973;IJhorst;
WP2410;9;Woonplaatsen;974;IJlst;
WP2835;9;Woonplaatsen;975;IJmuiden;
WP2701;9;Woonplaatsen;976;IJsselham;
WP2895;9;Woonplaatsen;977;IJsselmuiden;
WP2432;9;Woonplaatsen;978;IJsselstein;
WP2974;9;Woonplaatsen;979;IJzendijke;
WP1099;9;Woonplaatsen;980;IJzendoorn;
WP1329;9;Woonplaatsen;981;Den Ilp;
WP1941;9;Woonplaatsen;982;Ilpendam;
WP2411;9;Woonplaatsen;983;Indijk;
WP1226;9;Woonplaatsen;984;Ingber;
WP2728;9;Woonplaatsen;985;Ingelum;
WP3376;9;Woonplaatsen;986;Ingen;
WP3393;9;Woonplaatsen;987;Ingwierrum;
WP2021;9;Woonplaatsen;988;Itens;
WP2950;9;Woonplaatsen;989;Ittervoort;
WP1959;10;Woonplaatsen;990;Jaarsveld;
WP2846;10;Woonplaatsen;991;Jabeek;
WP3205;10;Woonplaatsen;992;Jannum;
WP2022;10;Woonplaatsen;993;Jellum;
WP3228;10;Woonplaatsen;994;Jelsum;
WP2530;10;Woonplaatsen;995;Jirnsum;
WP3206;10;Woonplaatsen;996;Jislum;
WP2284;10;Woonplaatsen;997;Jisp;
WP2452;10;Woonplaatsen;998;Jistrum;
WP3348;10;Woonplaatsen;999;Jonkerslân;
WP2261;10;Woonplaatsen;1000;Jonkersvaart;
WP1340;10;Woonplaatsen;1001;Joppe;
WP2023;10;Woonplaatsen;1002;Jorwert;
WP2493;10;Woonplaatsen;1003;Joure;
WP3400;10;Woonplaatsen;1004;Jouswier;
WP2196;10;Woonplaatsen;1005;Jubbega;
WP3058;10;Woonplaatsen;1006;Julianadorp;
WP2412;10;Woonplaatsen;1007;Jutrijp;
WP3035;11;Woonplaatsen;1008;Kaag;
WP2622;11;Woonplaatsen;1009;Kaard;
WP3052;11;Woonplaatsen;1010;Kaatsheuvel;
WP2702;11;Woonplaatsen;1011;Kalenberg;
WP2703;11;Woonplaatsen;1012;Kallenkote;
WP1073;11;Woonplaatsen;1013;Kamerik;
WP2894;11;Woonplaatsen;1014;Kampen;
WP3188;11;Woonplaatsen;1015;Kamperland;
WP2900;11;Woonplaatsen;1016;Kamperveen;
WP3475;11;Woonplaatsen;1017;Kantens;
WP2560;11;Woonplaatsen;1018;Kapel Avezaath;
WP3377;11;Woonplaatsen;1019;Kapel-Avezaath;
WP1467;11;Woonplaatsen;1020;Kapelle;
WP3090;11;Woonplaatsen;1021;Kapellebrug;
WP2192;11;Woonplaatsen;1022;Katlijk;
WP3192;11;Woonplaatsen;1023;Kats;
WP1825;11;Woonplaatsen;1024;Kattendijke;
WP1707;11;Woonplaatsen;1025;Katwijk;
WP1452;11;Woonplaatsen;1026;Katwijk NB;
WP1942;11;Woonplaatsen;1027;Katwoude;
WP2273;11;Woonplaatsen;1028;Kedichem;
WP3264;11;Woonplaatsen;1029;Keent;
WP1536;11;Woonplaatsen;1030;Keijenborg;
WP2875;11;Woonplaatsen;1031;Kekerdom;
WP2951;11;Woonplaatsen;1032;Kelpen-Oler;
WP2561;11;Woonplaatsen;1033;Kerk Avezaath;
WP3378;11;Woonplaatsen;1034;Kerk-Avezaath;
WP1629;11;Woonplaatsen;1035;Kerkdriel;
WP3166;11;Woonplaatsen;1036;Kerkenveld;
WP2649;11;Woonplaatsen;1037;Kerkrade;
WP2679;11;Woonplaatsen;1038;Kerkwerve;
WP2632;11;Woonplaatsen;1039;Kerkwijk;
WP1699;11;Woonplaatsen;1040;Kessel;
WP1096;11;Woonplaatsen;1041;Kesteren;
WP2151;11;Woonplaatsen;1042;De Kiel;
WP1019;11;Woonplaatsen;1043;Kiel-Windeweer;
WP2207;11;Woonplaatsen;1044;Kilder;
WP2314;11;Woonplaatsen;1045;Kimswerd;
WP2794;11;Woonplaatsen;1046;Kinderdijk;
WP2624;11;Woonplaatsen;1047;Kinnum;
WP2371;11;Woonplaatsen;1048;Klaaswaal;
WP2248;11;Woonplaatsen;1049;Klarenbeek;
WP2606;11;Woonplaatsen;1050;Klarenbeek;
WP1991;11;Woonplaatsen;1051;Klazienaveen;
WP1992;11;Woonplaatsen;1052;Klazienaveen-Noord;
WP3492;11;Woonplaatsen;1053;Klein Zundert;
WP1796;11;Woonplaatsen;1054;Klijndijk;
WP1853;11;Woonplaatsen;1055;Klimmen;
WP1826;11;Woonplaatsen;1056;Kloetinge;
WP1468;11;Woonplaatsen;1057;Kloetinge;
WP2770;11;Woonplaatsen;1058;De Klomp;
WP1376;11;Woonplaatsen;1059;Klooster Lidlum;
WP3418;11;Woonplaatsen;1060;Kloosterburen;
WP3323;11;Woonplaatsen;1061;Kloosterhaar;
WP1555;11;Woonplaatsen;1062;Kloosterhaar;
WP3100;11;Woonplaatsen;1063;Kloosterzande;
WP1319;11;Woonplaatsen;1064;Klundert;
WP2994;11;Woonplaatsen;1065;Knegsel;
WP2190;11;Woonplaatsen;1066;De Knipe;
WP3229;11;Woonplaatsen;1067;Koarnjum;
WP1393;11;Woonplaatsen;1068;Kockengen;
WP2349;11;Woonplaatsen;1069;Koedijk;
WP1120;11;Woonplaatsen;1070;Koedijk;
WP3167;11;Woonplaatsen;1071;Koekange;
WP1131;11;Woonplaatsen;1072;Koewacht;
WP1677;11;Woonplaatsen;1073;Kolderwolde;
WP1351;11;Woonplaatsen;1074;Kolham;
WP2516;11;Woonplaatsen;1075;Kolhorn;
WP3309;11;Woonplaatsen;1076;Kollum;
WP3310;11;Woonplaatsen;1077;Kollumerpomp;
WP3311;11;Woonplaatsen;1078;Kollumersweach;
WP2119;11;Woonplaatsen;1079;Kommerzijl;
WP2042;11;Woonplaatsen;1080;Koningsbosch;
WP3442;11;Woonplaatsen;1081;Koningslust;
WP2738;11;Woonplaatsen;1082;De Koog;
WP1879;11;Woonplaatsen;1083;Koog aan de Zaan;
WP3179;11;Woonplaatsen;1084;Kootstertille;
WP1062;11;Woonplaatsen;1085;Kootwijk;
WP1056;11;Woonplaatsen;1086;Kootwijkerbroek;
WP2176;11;Woonplaatsen;1087;Kornhorn;
WP2315;11;Woonplaatsen;1088;Kornwerderzand;
WP3283;11;Woonplaatsen;1089;Kortehemmen;
WP3526;11;Woonplaatsen;1090;Kortenhoef;
WP3189;11;Woonplaatsen;1091;Kortgene;
WP2850;11;Woonplaatsen;1092;Koudekerk aan den Rijn;
WP2779;11;Woonplaatsen;1093;Koudekerke;
WP1966;11;Woonplaatsen;1094;Koudum;
WP2413;11;Woonplaatsen;1095;Koufurderrige;
WP3462;11;Woonplaatsen;1096;Krabbendijke;
WP1275;11;Woonplaatsen;1097;Kraggenburg;
WP2433;11;Woonplaatsen;1098;Kreileroord;
WP3238;11;Woonplaatsen;1099;Krewerd;
WP1545;11;Woonplaatsen;1100;De Krim;
WP2375;11;Woonplaatsen;1101;Krimpen aan de Lek;
WP1144;11;Woonplaatsen;1102;Krimpen aan den IJssel;
WP1341;11;Woonplaatsen;1103;Kring van Dorth;
WP1880;11;Woonplaatsen;1104;Krommenie;
WP1516;11;Woonplaatsen;1105;Kronenberg;
WP1020;11;Woonplaatsen;1106;Kropswolde;
WP3463;11;Woonplaatsen;1107;Kruiningen;
WP1403;11;Woonplaatsen;1108;Kruisland;
WP2024;11;Woonplaatsen;1109;Kûbaard;
WP2572;11;Woonplaatsen;1110;Kudelstaart;
WP2704;11;Woonplaatsen;1111;Kuinre;
WP3097;11;Woonplaatsen;1112;Kuitaart;
WP1257;11;Woonplaatsen;1113;Kwadendamme;
WP1839;11;Woonplaatsen;1114;Kwadijk;
WP3539;11;Woonplaatsen;1115;De Kwakel;
WP2657;11;Woonplaatsen;1116;Kwintsheul;
WP1495;12;Woonplaatsen;1117;Laag Zuthem;
WP1522;12;Woonplaatsen;1118;Laag-Keppel;
WP1506;12;Woonplaatsen;1119;Laag-Soeren;
WP1876;12;Woonplaatsen;1120;Lage Mierde;
WP1093;12;Woonplaatsen;1121;Lage Vuursche;
WP2576;12;Woonplaatsen;1122;Lage Zwaluwe;
WP1352;12;Woonplaatsen;1123;Lageland;
WP3636;12;Woonplaatsen;1124;Lageland GN;
WP3150;12;Woonplaatsen;1125;Lambertschaag;
WP3099;12;Woonplaatsen;1126;Lamswaarde;
WP2618;12;Woonplaatsen;1127;Landerum;
WP3055;12;Woonplaatsen;1128;Landgraaf;
WP2080;12;Woonplaatsen;1129;Landhorst;
WP1328;12;Woonplaatsen;1130;Landsmeer;
WP1303;12;Woonplaatsen;1131;Langbroek;
WP1759;12;Woonplaatsen;1132;Langedijke;
WP1724;12;Woonplaatsen;1133;Langelille;
WP1638;12;Woonplaatsen;1134;Langelo;
WP1978;12;Woonplaatsen;1135;Langenboom;
WP1808;12;Woonplaatsen;1136;Langerak;
WP1289;12;Woonplaatsen;1137;Langeveen;
WP1326;12;Woonplaatsen;1138;Langeweg;
WP3349;12;Woonplaatsen;1139;Langezwaag;
WP2494;12;Woonplaatsen;1140;Langweer;
WP1342;12;Woonplaatsen;1141;Laren;
WP2890;12;Woonplaatsen;1142;Laren;
WP1301;12;Woonplaatsen;1143;Lathum;
WP1410;12;Woonplaatsen;1144;Lattrop-Breklenkamp;
WP3419;12;Woonplaatsen;1145;Lauwersoog;
WP2120;12;Woonplaatsen;1146;Lauwerzijl;
WP2081;12;Woonplaatsen;1147;Ledeacker;
WP2341;12;Woonplaatsen;1148;Leek;
WP1315;12;Woonplaatsen;1149;Leende;
WP3420;12;Woonplaatsen;1150;Leens;
WP2110;12;Woonplaatsen;1151;Leerbroek;
WP2271;12;Woonplaatsen;1152;Leerdam;
WP3448;12;Woonplaatsen;1153;Leermens;
WP3587;12;Woonplaatsen;1154;Leersum;
WP3615;12;Woonplaatsen;1155;Leeuwarden;
WP2495;12;Woonplaatsen;1156;Legemeer;
WP2088;12;Woonplaatsen;1157;Leiden;
WP2112;12;Woonplaatsen;1158;Leiderdorp;
WP1621;12;Woonplaatsen;1159;Leidschendam;
WP3541;12;Woonplaatsen;1160;Leimuiden;
WP1605;12;Woonplaatsen;1161;Leimuiderbrug;
WP2376;12;Woonplaatsen;1162;Lekkerkerk;
WP1198;12;Woonplaatsen;1163;Lekkum;
WP1835;12;Woonplaatsen;1164;Lellens;
WP1051;12;Woonplaatsen;1165;Lelystad;
WP2552;12;Woonplaatsen;1166;Lemele;
WP1238;12;Woonplaatsen;1167;Lemelerveld;
WP1430;12;Woonplaatsen;1168;Lemiers;
WP2245;12;Woonplaatsen;1169;Lemmer;
WP2208;12;Woonplaatsen;1170;Lengel;
WP2545;12;Woonplaatsen;1171;Lent;
WP2025;12;Woonplaatsen;1172;Leons;
WP1939;12;Woonplaatsen;1173;Lepelstraat;
WP2342;12;Woonplaatsen;1174;Lettelbert;
WP2858;12;Woonplaatsen;1175;Lettele;
WP2330;12;Woonplaatsen;1176;Leunen;
WP2567;12;Woonplaatsen;1177;Leur;
WP2638;12;Woonplaatsen;1178;Leusden;
WP2876;12;Woonplaatsen;1179;Leuth;
WP1639;12;Woonplaatsen;1180;Leutingewolde;
WP1112;12;Woonplaatsen;1181;Leuvenheim;
WP2040;12;Woonplaatsen;1182;Leveroy;
WP1258;12;Woonplaatsen;1183;Lewedorp;
WP2105;12;Woonplaatsen;1184;Lexmond;
WP3207;12;Woonplaatsen;1185;Lichtaard;
WP2227;12;Woonplaatsen;1186;Lichtenvoorde;
WP2440;12;Woonplaatsen;1187;Liempde;
WP3379;12;Woonplaatsen;1188;Lienden;
WP2655;12;Woonplaatsen;1189;De Lier;
WP1496;12;Woonplaatsen;1190;Lierderholthuis;
WP2250;12;Woonplaatsen;1191;Lieren;
WP2746;12;Woonplaatsen;1192;Lierop;
WP2616;12;Woonplaatsen;1193;Lies;
WP1447;12;Woonplaatsen;1194;Lieshout;
WP1776;12;Woonplaatsen;1195;Liessel;
WP2225;12;Woonplaatsen;1196;Lievelde;
WP1640;12;Woonplaatsen;1197;Lieveren;
WP1616;12;Woonplaatsen;1198;Lijnden;
WP2815;12;Woonplaatsen;1199;Limbricht;
WP2270;12;Woonplaatsen;1200;Limmen;
WP3168;12;Woonplaatsen;1201;Linde;
WP1453;12;Woonplaatsen;1202;Linden;
WP1921;12;Woonplaatsen;1203;Linne;
WP1963;12;Woonplaatsen;1204;Linschoten;
WP3350;12;Woonplaatsen;1205;Lippenhuizen;
WP1466;12;Woonplaatsen;1206;Lisse;
WP1609;12;Woonplaatsen;1207;Lisserbroek;
WP3468;12;Woonplaatsen;1208;Lith;
WP3469;12;Woonplaatsen;1209;Lithoijen;
WP3401;12;Woonplaatsen;1210;Ljussens;
WP2978;12;Woonplaatsen;1211;Lobith;
WP1343;12;Woonplaatsen;1212;Lochem;
WP2251;12;Woonplaatsen;1213;Loenen;
WP2219;12;Woonplaatsen;1214;Loenen aan de Vecht;
WP2220;12;Woonplaatsen;1215;Loenersloot;
WP3505;12;Woonplaatsen;1216;Loënga;
WP2209;12;Woonplaatsen;1217;Loerbeek;
WP2316;12;Woonplaatsen;1218;Lollum;
WP3141;12;Woonplaatsen;1219;Lomm;
WP2317;12;Woonplaatsen;1220;Longerhouw;
WP2098;12;Woonplaatsen;1221;Loo Gld;
WP3135;12;Woonplaatsen;1222;Loo Gld;
WP3068;12;Woonplaatsen;1223;'t Loo Oldebroek;
WP2392;12;Woonplaatsen;1224;Loon;
WP3053;12;Woonplaatsen;1225;Loon op Zand;
WP3061;12;Woonplaatsen;1226;Loosbroek;
WP3537;12;Woonplaatsen;1227;Loosdrecht;
WP1556;12;Woonplaatsen;1228;Loozen;
WP1960;12;Woonplaatsen;1229;Lopik;
WP1961;12;Woonplaatsen;1230;Lopikerkapel;
WP3449;12;Woonplaatsen;1231;Loppersum;
WP3239;12;Woonplaatsen;1232;Losdorp;
WP1713;12;Woonplaatsen;1233;Losser;
WP1033;12;Woonplaatsen;1234;Lottum;
WP2262;12;Woonplaatsen;1235;Lucaswolde;
WP1353;12;Woonplaatsen;1236;Luddeweer;
WP2183;12;Woonplaatsen;1237;Luinjeberd;
WP2765;12;Woonplaatsen;1238;Lunteren;
WP1104;12;Woonplaatsen;1239;Lutjebroek;
WP2177;12;Woonplaatsen;1240;Lutjegast;
WP2517;12;Woonplaatsen;1241;Lutjewinkel;
WP1714;12;Woonplaatsen;1242;de Lutte;
WP1273;12;Woonplaatsen;1243;Luttelgeest;
WP1557;12;Woonplaatsen;1244;Lutten;
WP1494;12;Woonplaatsen;1245;Luttenberg;
WP3351;12;Woonplaatsen;1246;Luxwoude;
WP1458;12;Woonplaatsen;1247;Luyksgestel;
WP2026;12;Woonplaatsen;1248;Lytsewierrum;
WP1568;13;Woonplaatsen;1249;Maarheeze;
WP3340;13;Woonplaatsen;1250;Maarn;
WP3341;13;Woonplaatsen;1251;Maarsbergen;
WP2064;13;Woonplaatsen;1252;Maarssen;
WP2936;13;Woonplaatsen;1253;Maartensdijk;
WP1772;13;Woonplaatsen;1254;Maasbommel;
WP1920;13;Woonplaatsen;1255;Maasbracht;
WP2601;13;Woonplaatsen;1256;Maasbree;
WP2382;13;Woonplaatsen;1257;Maasdam;
WP2658;13;Woonplaatsen;1258;Maasdijk;
WP1218;13;Woonplaatsen;1259;Maashees;
WP2806;13;Woonplaatsen;1260;Maasland;
WP1069;13;Woonplaatsen;1261;Maassluis;
WP1406;13;Woonplaatsen;1262;Maastricht;
WP1672;13;Woonplaatsen;1263;Maastricht-Airport;
WP3084;13;Woonplaatsen;1264;Maasvlakte Rotterdam;
WP3252;13;Woonplaatsen;1265;Macharen;
WP2577;13;Woonplaatsen;1266;Made;
WP1760;13;Woonplaatsen;1267;Makkinga;
WP2318;13;Woonplaatsen;1268;Makkum;
WP3494;13;Woonplaatsen;1269;Malden;
WP1290;13;Woonplaatsen;1270;Mander;
WP1291;13;Woonplaatsen;1271;Manderveen;
WP2027;13;Woonplaatsen;1272;Mantgum;
WP3016;13;Woonplaatsen;1273;Mantinge;
WP3471;13;Woonplaatsen;1274;Maren-Kessel;
WP1694;13;Woonplaatsen;1275;Margraten;
WP2043;13;Woonplaatsen;1276;Maria Hoop;
WP1448;13;Woonplaatsen;1277;Mariahout;
WP1292;13;Woonplaatsen;1278;Mariaparochie;
WP1558;13;Woonplaatsen;1279;Mariënberg;
WP1493;13;Woonplaatsen;1280;Mariënheem;
WP2230;13;Woonplaatsen;1281;Mariënvelde;
WP2705;13;Woonplaatsen;1282;Marijenkampen;
WP1444;13;Woonplaatsen;1283;Markelo;
WP1943;13;Woonplaatsen;1284;Marken;
WP3556;13;Woonplaatsen;1285;Markenbinnen;
WP1274;13;Woonplaatsen;1286;Marknesse;
WP1383;13;Woonplaatsen;1287;Marle;
WP3208;13;Woonplaatsen;1288;Marrum;
WP2730;13;Woonplaatsen;1289;Marsum;
WP2263;13;Woonplaatsen;1290;Marum;
WP1170;13;Woonplaatsen;1291;Marwijksoord;
WP2200;13;Woonplaatsen;1292;Mastenbroek;
WP2901;13;Woonplaatsen;1293;Mastenbroek;
WP1641;13;Woonplaatsen;1294;Matsloot;
WP3380;13;Woonplaatsen;1295;Maurik;
WP1231;13;Woonplaatsen;1296;Mechelen;
WP3151;13;Woonplaatsen;1297;Medemblik;
WP2277;13;Woonplaatsen;1298;Meeden;
WP3240;13;Woonplaatsen;1299;Meedhuizen;
WP2108;13;Woonplaatsen;1300;Meerkerk;
WP1858;13;Woonplaatsen;1301;Meerlo;
WP3297;13;Woonplaatsen;1302;De Meern;
WP1463;13;Woonplaatsen;1303;Meerssen;
WP3488;13;Woonplaatsen;1304;Meerstad;
WP1955;13;Woonplaatsen;1305;Meeuwen;
WP1584;13;Woonplaatsen;1306;Megchelen;
WP3251;13;Woonplaatsen;1307;Megen;
WP2140;13;Woonplaatsen;1308;Meijel;
WP1034;13;Woonplaatsen;1309;Melderslo;
WP2591;13;Woonplaatsen;1310;Melick;
WP2780;13;Woonplaatsen;1311;Meliskerke;
WP2379;13;Woonplaatsen;1312;Melissant;
WP2731;13;Woonplaatsen;1313;Menaam;
WP3421;13;Woonplaatsen;1314;Mensingeweer;
WP1082;13;Woonplaatsen;1315;Meppel;
WP2157;13;Woonplaatsen;1316;Meppen;
WP2847;13;Woonplaatsen;1317;Merkelbeek;
WP2331;13;Woonplaatsen;1318;Merselo;
WP3530;13;Woonplaatsen;1319;Meteren;
WP1035;13;Woonplaatsen;1320;Meterik;
WP1695;13;Woonplaatsen;1321;Mheer;
WP2801;13;Woonplaatsen;1322;Middelaar;
WP1007;13;Woonplaatsen;1323;Middelburg;
WP3143;13;Woonplaatsen;1324;Middelharnis;
WP1840;13;Woonplaatsen;1325;Middelie;
WP3450;13;Woonplaatsen;1326;Middelstum;
WP2170;13;Woonplaatsen;1327;Middenbeemster;
WP2434;13;Woonplaatsen;1328;Middenmeer;
WP2926;13;Woonplaatsen;1329;Midlaren;
WP2892;13;Woonplaatsen;1330;Midlum;
WP2619;13;Woonplaatsen;1331;Midsland;
WP1897;13;Woonplaatsen;1332;Midwolda;
WP2343;13;Woonplaatsen;1333;Midwolde;
WP3152;13;Woonplaatsen;1334;Midwoud;
WP1199;13;Woonplaatsen;1335;Miedum;
WP1127;13;Woonplaatsen;1336;Mierlo;
WP3549;13;Woonplaatsen;1337;Mijdrecht;
WP2383;13;Woonplaatsen;1338;Mijnsheerenland;
WP2191;13;Woonplaatsen;1339;Mildam;
WP2091;13;Woonplaatsen;1340;Milheeze;
WP1976;13;Woonplaatsen;1341;Mill;
WP2289;13;Woonplaatsen;1342;Millingen aan de Rijn;
WP2479;13;Woonplaatsen;1343;Milsbeek;
WP3333;13;Woonplaatsen;1344;Minnertsga;
WP1678;13;Woonplaatsen;1345;Mirns;
WP3402;13;Woonplaatsen;1346;Mitselwier;
WP3404;13;Woonplaatsen;1347;Moarre;
WP3403;13;Woonplaatsen;1348;Moddergat;
WP3054;13;Woonplaatsen;1349;De Moer;
WP1322;13;Woonplaatsen;1350;Moerdijk;
WP2647;13;Woonplaatsen;1351;Moergestel;
WP1212;13;Woonplaatsen;1352;Moerkapelle;
WP1593;13;Woonplaatsen;1353;Moerstraten;
WP1983;13;Woonplaatsen;1354;Molenaarsgraaf;
WP2802;13;Woonplaatsen;1355;Molenhoek;
WP2069;13;Woonplaatsen;1356;Molenschot;
WP1967;13;Woonplaatsen;1357;Molkwerum;
WP1944;13;Woonplaatsen;1358;Monnickendam;
WP2659;13;Woonplaatsen;1359;Monster;
WP1964;13;Woonplaatsen;1360;Montfoort;
WP2592;13;Woonplaatsen;1361;Montfort;
WP2803;13;Woonplaatsen;1362;Mook;
WP2796;13;Woonplaatsen;1363;Mookhoek;
WP1244;13;Woonplaatsen;1364;Moordrecht;
WP1464;13;Woonplaatsen;1365;Moorveld;
WP2093;13;Woonplaatsen;1366;De Mortel;
WP3632;13;Woonplaatsen;1367;Muiden;
WP1519;13;Woonplaatsen;1368;Muiderberg;
WP2446;13;Woonplaatsen;1369;Mûnein;
WP1725;13;Woonplaatsen;1370;Munnekeburen;
WP3312;13;Woonplaatsen;1371;Munnekezijl;
WP2816;13;Woonplaatsen;1372;Munstergeleen;
WP2278;13;Woonplaatsen;1373;Muntendam;
WP3077;13;Woonplaatsen;1374;Mussel;
WP3075;13;Woonplaatsen;1375;Musselkanaal;
WP2660;14;Woonplaatsen;1376;Naaldwijk;
WP1052;14;Woonplaatsen;1377;Naarden;
WP1278;14;Woonplaatsen;1378;Nagele;
WP3497;14;Woonplaatsen;1379;Nederasselt;
WP2633;14;Woonplaatsen;1380;Nederhemert;
WP3003;14;Woonplaatsen;1381;Nederhorst den Berg;
WP2706;14;Woonplaatsen;1382;Nederland;
WP2037;14;Woonplaatsen;1383;Nederweert;
WP2039;14;Woonplaatsen;1384;Nederweert-Eind;
WP1656;14;Woonplaatsen;1385;Neede;
WP2952;14;Woonplaatsen;1386;Neer;
WP3363;14;Woonplaatsen;1387;Neerijnen;
WP2953;14;Woonplaatsen;1388;Neeritter;
WP1777;14;Woonplaatsen;1389;Neerkant;
WP3261;14;Woonplaatsen;1390;Neerlangel;
WP3262;14;Woonplaatsen;1391;Neerloon;
WP3603;14;Woonplaatsen;1392;Nes;
WP3405;14;Woonplaatsen;1393;Nes;
WP2588;14;Woonplaatsen;1394;Nes;
WP1068;14;Woonplaatsen;1395;Netersel;
WP1583;14;Woonplaatsen;1396;Netterden;
WP3153;14;Woonplaatsen;1397;Nibbixwoud;
WP2264;14;Woonplaatsen;1398;Niebert;
WP2121;14;Woonplaatsen;1399;Niehove;
WP2178;14;Woonplaatsen;1400;Niekerk;
WP3422;14;Woonplaatsen;1401;Niekerk;
WP1642;14;Woonplaatsen;1402;Nietap;
WP1171;14;Woonplaatsen;1403;Nieuw Annerveen;
WP1421;14;Woonplaatsen;1404;Nieuw Beerta;
WP1009;14;Woonplaatsen;1405;Nieuw- en Sint Joosland;
WP1499;14;Woonplaatsen;1406;Nieuw Heeten;
WP3093;14;Woonplaatsen;1407;Nieuw Namen;
WP1894;14;Woonplaatsen;1408;Nieuw Scheemda;
WP2634;14;Woonplaatsen;1409;Nieuwaal;
WP1993;14;Woonplaatsen;1410;Nieuw-Amsterdam;
WP3018;14;Woonplaatsen;1411;Nieuw-Balinge;
WP2887;14;Woonplaatsen;1412;Nieuw-Beijerland;
WP1797;14;Woonplaatsen;1413;Nieuw-Buinen;
WP1994;14;Woonplaatsen;1414;Nieuw-Dordrecht;
WP1259;14;Woonplaatsen;1415;Nieuwdorp;
WP2518;14;Woonplaatsen;1416;Nieuwe Niedorp;
WP1398;14;Woonplaatsen;1417;Nieuwe Pekela;
WP3037;14;Woonplaatsen;1418;Nieuwe Wetering;
WP2496;14;Woonplaatsen;1419;Nieuwebrug;
WP1172;14;Woonplaatsen;1420;Nieuwediep;
WP1108;14;Woonplaatsen;1421;Nieuwegein;
WP2194;14;Woonplaatsen;1422;Nieuwehorne;
WP2216;14;Woonplaatsen;1423;Nieuwendijk;
WP1394;14;Woonplaatsen;1424;Nieuwer Ter Aa;
WP2666;14;Woonplaatsen;1425;Nieuwerbrug aan den Rijn;
WP2680;14;Woonplaatsen;1426;Nieuwerkerk;
WP1016;14;Woonplaatsen;1427;Nieuwerkerk aan den IJssel;
WP3017;14;Woonplaatsen;1428;Nieuweroord;
WP1815;14;Woonplaatsen;1429;Nieuweroord;
WP2221;14;Woonplaatsen;1430;Nieuwersluis;
WP2187;14;Woonplaatsen;1431;Nieuweschoot;
WP3144;14;Woonplaatsen;1432;Nieuwe-Tonge;
WP2667;14;Woonplaatsen;1433;Nieuwkoop;
WP3502;14;Woonplaatsen;1434;Nieuwkuijk;
WP2111;14;Woonplaatsen;1435;Nieuwland;
WP1816;14;Woonplaatsen;1436;Nieuwlande;
WP2158;14;Woonplaatsen;1437;Nieuwlande Coevorden;
WP2795;14;Woonplaatsen;1438;Nieuw-Lekkerland;
WP1239;14;Woonplaatsen;1439;Nieuwleusen;
WP1896;14;Woonplaatsen;1440;Nieuwolda;
WP1807;14;Woonplaatsen;1441;Nieuwpoort;
WP1643;14;Woonplaatsen;1442;Nieuw-Roden;
WP1995;14;Woonplaatsen;1443;Nieuw-Schoonebeek;
WP2047;14;Woonplaatsen;1444;Nieuwstadt;
WP2670;14;Woonplaatsen;1445;Nieuwveen;
WP1602;14;Woonplaatsen;1446;Nieuw-Vennep;
WP2969;14;Woonplaatsen;1447;Nieuwvliet;
WP1404;14;Woonplaatsen;1448;Nieuw-Vossemeer;
WP1996;14;Woonplaatsen;1449;Nieuw-Weerdinge;
WP2122;14;Woonplaatsen;1450;Niezijl;
WP2569;14;Woonplaatsen;1451;Niftrik;
WP2222;14;Woonplaatsen;1452;Nigtevecht;
WP3330;14;Woonplaatsen;1453;Nij Altoenae;
WP3352;14;Woonplaatsen;1454;Nij Beets;
WP2607;14;Woonplaatsen;1455;Nijbroek;
WP1761;14;Woonplaatsen;1456;Nijeberkoop;
WP3284;14;Woonplaatsen;1457;Nijega;
WP3521;14;Woonplaatsen;1458;Nijehaske;
WP1726;14;Woonplaatsen;1459;Nijeholtpade;
WP1727;14;Woonplaatsen;1460;Nijeholtwolde;
WP1728;14;Woonplaatsen;1461;Nijelamer;
WP1679;14;Woonplaatsen;1462;Nijemirdum;
WP3116;14;Woonplaatsen;1463;Nijensleek;
WP1729;14;Woonplaatsen;1464;Nijetrijne;
WP1083;14;Woonplaatsen;1465;Nijeveen;
WP3406;14;Woonplaatsen;1466;Nijewier;
WP1972;14;Woonplaatsen;1467;Nijhuizum;
WP3606;14;Woonplaatsen;1468;Nijkerk;
WP3607;14;Woonplaatsen;1469;Nijkerkerveen;
WP2414;14;Woonplaatsen;1470;Nijland;
WP1173;14;Woonplaatsen;1471;Nijlande;
WP3030;14;Woonplaatsen;1472;Nijmegen;
WP3584;14;Woonplaatsen;1473;Nijverdal;
WP1591;14;Woonplaatsen;1474;Nispen;
WP1260;14;Woonplaatsen;1475;Nisse;
WP3062;14;Woonplaatsen;1476;Nistelrode;
WP2450;14;Woonplaatsen;1477;Noardburgum;
WP1174;14;Woonplaatsen;1478;Nooitgedacht;
WP1696;14;Woonplaatsen;1479;Noorbeek;
WP2171;14;Woonplaatsen;1480;Noordbeemster;
WP2279;14;Woonplaatsen;1481;Noordbroek;
WP1905;14;Woonplaatsen;1482;Noordeinde;
WP3070;14;Woonplaatsen;1483;Noordeinde Gld;
WP1436;14;Woonplaatsen;1484;Noordeloos;
WP2668;14;Woonplaatsen;1485;Noorden;
WP2681;14;Woonplaatsen;1486;Noordgouwe;
WP1325;14;Woonplaatsen;1487;Noordhoek;
WP2123;14;Woonplaatsen;1488;Noordhorn;
WP1268;14;Woonplaatsen;1489;Noordlaren;
WP1118;14;Woonplaatsen;1490;Noord-Scharwoude;
WP1817;14;Woonplaatsen;1491;Noordscheschut;
WP2159;14;Woonplaatsen;1492;Noord-Sleen;
WP2682;14;Woonplaatsen;1493;Noordwelle;
WP2265;14;Woonplaatsen;1494;Noordwijk;
WP2061;14;Woonplaatsen;1495;Noordwijk;
WP1927;14;Woonplaatsen;1496;Noordwijkerhout;
WP1730;14;Woonplaatsen;1497;Noordwolde;
WP2830;14;Woonplaatsen;1498;Noordwolde;
WP1142;14;Woonplaatsen;1499;Nootdorp;
WP1644;14;Woonplaatsen;1500;Norg;
WP1090;14;Woonplaatsen;1501;Notter;
WP2136;14;Woonplaatsen;1502;Nuenen;
WP2266;14;Woonplaatsen;1503;Nuis;
WP3611;14;Woonplaatsen;1504;Nuland;
WP2372;14;Woonplaatsen;1505;Numansdorp;
WP2954;14;Woonplaatsen;1506;Nunhem;
WP2982;14;Woonplaatsen;1507;Nunspeet;
WP2358;14;Woonplaatsen;1508;Nuth;
WP1411;14;Woonplaatsen;1509;Nutter;
WP2817;15;Woonplaatsen;1510;Obbicht;
WP1187;15;Woonplaatsen;1511;Obdam;
WP1097;15;Woonplaatsen;1512;Ochten;
WP2604;15;Woonplaatsen;1513;Odijk;
WP1849;15;Woonplaatsen;1514;Odiliapeel;
WP1798;15;Woonplaatsen;1515;Odoorn;
WP1799;15;Woonplaatsen;1516;Odoornerveen;
WP1219;15;Woonplaatsen;1517;Oeffelt;
WP2744;15;Woonplaatsen;1518;Oegstgeest;
WP1347;15;Woonplaatsen;1519;Oene;
WP2443;15;Woonplaatsen;1520;Oentsjerk;
WP1489;15;Woonplaatsen;1521;Den Oever;
WP3506;15;Woonplaatsen;1522;Offingawier;
WP1923;15;Woonplaatsen;1523;Ohé en Laak;
WP3470;15;Woonplaatsen;1524;Oijen;
WP3604;15;Woonplaatsen;1525;Oirlo;
WP2101;15;Woonplaatsen;1526;Oirsbeek;
WP1207;15;Woonplaatsen;1527;Oirschot;
WP2646;15;Woonplaatsen;1528;Oisterwijk;
WP2859;15;Woonplaatsen;1529;Okkenbroek;
WP1529;15;Woonplaatsen;1530;Olburgen;
WP1762;15;Woonplaatsen;1531;Oldeberkoop;
WP3071;15;Woonplaatsen;1532;Oldebroek;
WP1731;15;Woonplaatsen;1533;Oldeholtpade;
WP1732;15;Woonplaatsen;1534;Oldeholtwolde;
WP2124;15;Woonplaatsen;1535;Oldehove;
WP2179;15;Woonplaatsen;1536;Oldekerk;
WP1733;15;Woonplaatsen;1537;Oldelamer;
WP2707;15;Woonplaatsen;1538;Oldemarkt;
WP1668;15;Woonplaatsen;1539;Oldenzaal;
WP3476;15;Woonplaatsen;1540;Oldenzijl;
WP2498;15;Woonplaatsen;1541;Oldeouwer;
WP1734;15;Woonplaatsen;1542;Oldetrijne;
WP1379;15;Woonplaatsen;1543;Olst;
WP3353;15;Woonplaatsen;1544;Olterterp;
WP2930;15;Woonplaatsen;1545;Ommel;
WP3629;15;Woonplaatsen;1546;Ommen;
WP3381;15;Woonplaatsen;1547;Ommeren;
WP2831;15;Woonplaatsen;1548;Onderdendam;
WP2708;15;Woonplaatsen;1549;Onna;
WP1269;15;Woonplaatsen;1550;Onnen;
WP3076;15;Woonplaatsen;1551;Onstwedde;
WP2877;15;Woonplaatsen;1552;Ooij;
WP2133;15;Woonplaatsen;1553;Ooltgensplaat;
WP1208;15;Woonplaatsen;1554;Oost West en Middelbeers;
WP2960;15;Woonplaatsen;1555;Oostburg;
WP3464;15;Woonplaatsen;1556;Oostdijk;
WP2957;15;Woonplaatsen;1557;Oosteind;
WP2990;15;Woonplaatsen;1558;Oosterbeek;
WP1375;15;Woonplaatsen;1559;Oosterbierum;
WP3619;15;Woonplaatsen;1560;Oosterblokker;
WP2742;15;Woonplaatsen;1561;Oosterend;
WP2614;15;Woonplaatsen;1562;Oosterend;
WP2160;15;Woonplaatsen;1563;Oosterhesselen;
WP1869;15;Woonplaatsen;1564;Oosterhout;
WP3596;15;Woonplaatsen;1565;Oosterhout;
WP2683;15;Woonplaatsen;1566;Oosterland;
WP1510;15;Woonplaatsen;1567;Oosterleek;
WP3477;15;Woonplaatsen;1568;Oosternieland;
WP1735;15;Woonplaatsen;1569;Oosterstreek;
WP2274;15;Woonplaatsen;1570;Oosterwijk;
WP3451;15;Woonplaatsen;1571;Oosterwijtwerd;
WP1763;15;Woonplaatsen;1572;Oosterwolde;
WP3072;15;Woonplaatsen;1573;Oosterwolde Gld;
WP2246;15;Woonplaatsen;1574;Oosterzee;
WP3554;15;Woonplaatsen;1575;Oost-Graftdijk;
WP2415;15;Woonplaatsen;1576;Oosthem;
WP1841;15;Woonplaatsen;1577;Oosthuizen;
WP2781;15;Woonplaatsen;1578;Oostkapelle;
WP2285;15;Woonplaatsen;1579;Oostknollendam;
WP3605;15;Woonplaatsen;1580;Oostrum;
WP1076;15;Woonplaatsen;1581;Oost-Souburg;
WP1209;15;Woonplaatsen;1582;Oostvoorne;
WP2344;15;Woonplaatsen;1583;Oostwold;
WP1898;15;Woonplaatsen;1584;Oostwold;
WP3567;15;Woonplaatsen;1585;Oostwoud;
WP2113;15;Woonplaatsen;1586;Oostzaan;
WP1412;15;Woonplaatsen;1587;Ootmarsum;
WP3285;15;Woonplaatsen;1588;Opeinde;
WP2180;15;Woonplaatsen;1589;Opende;
WP3364;15;Woonplaatsen;1590;Ophemert;
WP1098;15;Woonplaatsen;1591;Opheusden;
WP3365;15;Woonplaatsen;1592;Opijnen;
WP2082;15;Woonplaatsen;1593;Oploo;
WP2791;15;Woonplaatsen;1594;Opmeer;
WP2416;15;Woonplaatsen;1595;Oppenhuizen;
WP3155;15;Woonplaatsen;1596;Opperdoes;
WP3019;15;Woonplaatsen;1597;Oranje;
WP2189;15;Woonplaatsen;1598;Oranjewoud;
WP3020;15;Woonplaatsen;1599;Orvelte;
WP2038;15;Woonplaatsen;1600;Ospel;
WP3249;15;Woonplaatsen;1601;Oss;
WP1002;15;Woonplaatsen;1602;Ossendrecht;
WP3102;15;Woonplaatsen;1603;Ossenisse;
WP2842;15;Woonplaatsen;1604;Ossenwaard;
WP2709;15;Woonplaatsen;1605;Ossenzijl;
WP1888;15;Woonplaatsen;1606;Oterleek;
WP2767;15;Woonplaatsen;1607;Otterlo;
WP2480;15;Woonplaatsen;1608;Ottersum;
WP3628;15;Woonplaatsen;1609;Ottoland;
WP3540;15;Woonplaatsen;1610;Oud Ade;
WP1175;15;Woonplaatsen;1611;Oud Annerveen;
WP1248;15;Woonplaatsen;1612;Oud Gastel;
WP1413;15;Woonplaatsen;1613;Oud Ootmarsum;
WP2066;15;Woonplaatsen;1614;Oud Zuilen;
WP1985;15;Woonplaatsen;1615;Oud-Alblas;
WP2793;15;Woonplaatsen;1616;Oud-Beijerland;
WP2932;15;Woonplaatsen;1617;Ouddorp;
WP1599;15;Woonplaatsen;1618;Oude Meer;
WP2519;15;Woonplaatsen;1619;Oude Niedorp;
WP1397;15;Woonplaatsen;1620;Oude Pekela;
WP3039;15;Woonplaatsen;1621;Oude Wetering;
WP3117;15;Woonplaatsen;1622;Oude Willem;
WP3328;15;Woonplaatsen;1623;Oudebildtzijl;
WP2417;15;Woonplaatsen;1624;Oudega;
WP3286;15;Woonplaatsen;1625;Oudega;
WP1680;15;Woonplaatsen;1626;Oudega;
WP3522;15;Woonplaatsen;1627;Oudehaske;
WP2195;15;Woonplaatsen;1628;Oudehorne;
WP1261;15;Woonplaatsen;1629;Oudelande;
WP1681;15;Woonplaatsen;1630;Oudemirdum;
WP1320;15;Woonplaatsen;1631;Oudemolen;
WP2917;15;Woonplaatsen;1632;Oudemolen;
WP1246;15;Woonplaatsen;1633;Oudenbosch;
WP1188;15;Woonplaatsen;1634;Oudendijk;
WP1388;15;Woonplaatsen;1635;Oudenhoorn;
WP2129;15;Woonplaatsen;1636;Ouderkerk aan de Amstel;
WP2373;15;Woonplaatsen;1637;Ouderkerk aan den IJssel;
WP2233;15;Woonplaatsen;1638;Oudeschans;
WP2743;15;Woonplaatsen;1639;Oudeschild;
WP3478;15;Woonplaatsen;1640;Oudeschip;
WP2188;15;Woonplaatsen;1641;Oudeschoot;
WP2763;15;Woonplaatsen;1642;Oudesluis;
WP2134;15;Woonplaatsen;1643;Oude-Tonge;
WP1910;15;Woonplaatsen;1644;Oudewater;
WP1423;15;Woonplaatsen;1645;Oudezijl;
WP3519;15;Woonplaatsen;1646;Oudheusden;
WP3290;15;Woonplaatsen;1647;Oudkarspel;
WP1119;15;Woonplaatsen;1648;Oudkarspel;
WP2350;15;Woonplaatsen;1649;Oudorp;
WP2077;15;Woonplaatsen;1650;Oud-Vossemeer;
WP2684;15;Woonplaatsen;1651;Ouwerkerk;
WP2500;15;Woonplaatsen;1652;Ouwsterhaule;
WP2501;15;Woonplaatsen;1653;Ouwster-Nijega;
WP3496;15;Woonplaatsen;1654;Overasselt;
WP3588;15;Woonplaatsen;1655;Overberg;
WP1715;15;Woonplaatsen;1656;Overdinkel;
WP3263;15;Woonplaatsen;1657;Overlangel;
WP1220;15;Woonplaatsen;1658;Overloon;
WP1354;15;Woonplaatsen;1659;Overschild;
WP1132;15;Woonplaatsen;1660;Overslag;
WP2653;15;Woonplaatsen;1661;Overveen;
WP1262;15;Woonplaatsen;1662;Ovezande;
WP2710;16;Woonplaatsen;1663;Paasloo;
WP2979;16;Woonplaatsen;1664;Pannerden;
WP3443;16;Woonplaatsen;1665;Panningen;
WP1911;16;Woonplaatsen;1666;Papekop;
WP1477;16;Woonplaatsen;1667;Papendrecht;
WP2818;16;Woonplaatsen;1668;Papenhoven;
WP1176;16;Woonplaatsen;1669;Papenvoort;
WP2319;16;Woonplaatsen;1670;Parrega;
WP2910;16;Woonplaatsen;1671;Paterswolde;
WP3409;16;Woonplaatsen;1672;Peazens;
WP1645;16;Woonplaatsen;1673;Peest;
WP1368;16;Woonplaatsen;1674;Peins;
WP1646;16;Woonplaatsen;1675;Peize;
WP1736;16;Woonplaatsen;1676;Peperga;
WP3085;16;Woonplaatsen;1677;Pernis Rotterdam;
WP2878;16;Woonplaatsen;1678;Persingen;
WP3118;16;Woonplaatsen;1679;Pesse;
WP1818;16;Woonplaatsen;1680;Pesse;
WP2761;16;Woonplaatsen;1681;Petten;
WP1133;16;Woonplaatsen;1682;Philippine;
WP2320;16;Woonplaatsen;1683;Piaam;
WP2888;16;Woonplaatsen;1684;Piershil;
WP3423;16;Woonplaatsen;1685;Pieterburen;
WP1374;16;Woonplaatsen;1686;Pietersbierum;
WP2125;16;Woonplaatsen;1687;Pieterzijl;
WP1141;16;Woonplaatsen;1688;Pijnacker;
WP2321;16;Woonplaatsen;1689;Pingjum;
WP2804;16;Woonplaatsen;1690;Plasmolen;
WP2635;16;Woonplaatsen;1691;Poederoijen;
WP2661;16;Woonplaatsen;1692;Poeldijk;
WP2698;16;Woonplaatsen;1693;De Pol;
WP1962;16;Woonplaatsen;1694;Polsbroek;
WP2363;16;Woonplaatsen;1695;Poortugaal;
WP2072;16;Woonplaatsen;1696;Poortvliet;
WP2533;16;Woonplaatsen;1697;Poppenwier;
WP1830;16;Woonplaatsen;1698;Ten Post;
WP2593;16;Woonplaatsen;1699;Posterholt;
WP1705;16;Woonplaatsen;1700;Prinsenbeek;
WP2906;16;Woonplaatsen;1701;Puiflijk;
WP2915;16;Woonplaatsen;1702;De Punt;
WP1049;16;Woonplaatsen;1703;Punthorst;
WP1749;16;Woonplaatsen;1704;Purmer;
WP1946;16;Woonplaatsen;1705;Purmer;
WP3103;16;Woonplaatsen;1706;Purmerend;
WP1330;16;Woonplaatsen;1707;Purmerland;
WP2102;16;Woonplaatsen;1708;Puth;
WP1003;16;Woonplaatsen;1709;Putte;
WP3580;16;Woonplaatsen;1710;Putten;
WP2384;16;Woonplaatsen;1711;Puttershoek;
WP1491;17;Woonplaatsen;1712;Raalte;
WP1752;17;Woonplaatsen;1713;Raamsdonk;
WP1750;17;Woonplaatsen;1714;Raamsdonksveer;
WP3410;17;Woonplaatsen;1715;Raard;
WP1559;17;Woonplaatsen;1716;Radewijk;
WP3563;17;Woonplaatsen;1717;Radio Kootwijk;
WP2534;17;Woonplaatsen;1718;Raerd;
WP1870;17;Woonplaatsen;1719;Randwijk;
WP1854;17;Woonplaatsen;1720;Ransdaal;
WP2470;17;Woonplaatsen;1721;Rasquert;
WP3254;17;Woonplaatsen;1722;Ravenstein;
WP3382;17;Woonplaatsen;1723;Ravenswaaij;
WP1764;17;Woonplaatsen;1724;Ravenswoud;
WP3272;17;Woonplaatsen;1725;Readtsjerk;
WP2028;17;Woonplaatsen;1726;Reahûs;
WP2535;17;Woonplaatsen;1727;Reduzum;
WP1852;17;Woonplaatsen;1728;Reek;
WP2476;17;Woonplaatsen;1729;Reeuwijk;
WP3559;17;Woonplaatsen;1730;Reeve;
WP1227;17;Woonplaatsen;1731;Reijmerstok;
WP3209;17;Woonplaatsen;1732;Reitsum;
WP1663;17;Woonplaatsen;1733;Rekken;
WP2685;17;Woonplaatsen;1734;Renesse;
WP2991;17;Woonplaatsen;1735;Renkum;
WP2141;17;Woonplaatsen;1736;Renswoude;
WP3137;17;Woonplaatsen;1737;Ressen;
WP2970;17;Woonplaatsen;1738;Retranchement;
WP1877;17;Woonplaatsen;1739;Reusel;
WP1293;17;Woonplaatsen;1740;Reutum;
WP1949;17;Woonplaatsen;1741;Reuver;
WP1528;17;Woonplaatsen;1742;Rha;
WP1501;17;Woonplaatsen;1743;Rheden;
WP2393;17;Woonplaatsen;1744;Rhee;
WP1560;17;Woonplaatsen;1745;Rheeze;
WP1561;17;Woonplaatsen;1746;Rheezerveen;
WP1399;17;Woonplaatsen;1747;Rhenen;
WP3528;17;Woonplaatsen;1748;Rhenoy;
WP2362;17;Woonplaatsen;1749;Rhoon;
WP2562;17;Woonplaatsen;1750;Ridderkerk;
WP1370;17;Woonplaatsen;1751;Ried;
WP2881;17;Woonplaatsen;1752;Riel;
WP2029;17;Woonplaatsen;1753;Rien;
WP1459;17;Woonplaatsen;1754;Riethoven;
WP1657;17;Woonplaatsen;1755;Rietmolen;
WP2070;17;Woonplaatsen;1756;Rijen;
WP1221;17;Woonplaatsen;1757;Rijkevoort;
WP2087;17;Woonplaatsen;1758;Rijkevoort-De Walsert;
WP3040;17;Woonplaatsen;1759;Rijnsaterwoude;
WP1708;17;Woonplaatsen;1760;Rijnsburg;
WP3553;17;Woonplaatsen;1761;De Rijp;
WP3546;17;Woonplaatsen;1762;Rijpwetering;
WP1682;17;Woonplaatsen;1763;Rijs;
WP3490;17;Woonplaatsen;1764;Rijsbergen;
WP1601;17;Woonplaatsen;1765;Rijsenhout;
WP1566;17;Woonplaatsen;1766;Rijssen;
WP2459;17;Woonplaatsen;1767;Rijswijk;
WP3383;17;Woonplaatsen;1768;Rijswijk (GLD);
WP3303;17;Woonplaatsen;1769;Rijswijk (NB);
WP3465;17;Woonplaatsen;1770;Rilland;
WP3270;17;Woonplaatsen;1771;Rinsumageast;
WP2094;17;Woonplaatsen;1772;De Rips;
WP1077;17;Woonplaatsen;1773;Ritthem;
WP1210;17;Woonplaatsen;1774;Rockanje;
WP1647;17;Woonplaatsen;1775;Roden;
WP3633;17;Woonplaatsen;1776;Roderesch;
WP1649;17;Woonplaatsen;1777;Roderwolde;
WP3042;17;Woonplaatsen;1778;Roelofarendsveen;
WP2281;17;Woonplaatsen;1779;Roermond;
WP1084;17;Woonplaatsen;1780;Rogat;
WP2955;17;Woonplaatsen;1781;Roggel;
WP2502;17;Woonplaatsen;1782;Rohel;
WP1177;17;Woonplaatsen;1783;Rolde;
WP3479;17;Woonplaatsen;1784;Roodeschool;
WP1588;17;Woonplaatsen;1785;Roosendaal;
WP2046;17;Woonplaatsen;1786;Roosteren;
WP1596;17;Woonplaatsen;1787;Rosmalen;
WP1414;17;Woonplaatsen;1788;Rossum;
WP1630;17;Woonplaatsen;1789;Rossum;
WP1997;17;Woonplaatsen;1790;Roswinkel;
WP2503;17;Woonplaatsen;1791;Rotstergaast;
WP2504;17;Woonplaatsen;1792;Rotsterhaule;
WP3086;17;Woonplaatsen;1793;Rotterdam;
WP2364;17;Woonplaatsen;1794;Rotterdam-Albrandswaard;
WP3287;17;Woonplaatsen;1795;Rottevalle;
WP2505;17;Woonplaatsen;1796;Rottum;
WP3480;17;Woonplaatsen;1797;Rottum;
WP1047;17;Woonplaatsen;1798;Rouveen;
WP2437;17;Woonplaatsen;1799;Rozenburg;
WP1598;17;Woonplaatsen;1800;Rozenburg;
WP2927;17;Woonplaatsen;1801;Rozendaal;
WP2581;17;Woonplaatsen;1802;Rucphen;
WP1683;17;Woonplaatsen;1803;Ruigahuizen;
WP3119;17;Woonplaatsen;1804;Ruinen;
WP3169;17;Woonplaatsen;1805;Ruinen;
WP3170;17;Woonplaatsen;1806;Ruinerwold;
WP3215;17;Woonplaatsen;1807;Rumpt;
WP1282;17;Woonplaatsen;1808;Rutten;
WP1658;17;Woonplaatsen;1809;Ruurlo;
WP2445;17;Woonplaatsen;1810;Ryptsjerk;
WP2126;18;Woonplaatsen;1811;Saaksum;
WP1415;18;Woonplaatsen;1812;Saasveld;
WP2471;18;Woonplaatsen;1813;Saaxumhuizen;
WP1222;18;Woonplaatsen;1814;Sambeek;
WP2418;18;Woonplaatsen;1815;Sandfirden;
WP2837;18;Woonplaatsen;1816;Santpoort-Noord;
WP2838;18;Woonplaatsen;1817;Santpoort-Zuid;
WP1021;18;Woonplaatsen;1818;Sappemeer;
WP1134;18;Woonplaatsen;1819;Sas van Gent;
WP2003;18;Woonplaatsen;1820;Sassenheim;
WP2472;18;Woonplaatsen;1821;Sauwerd;
WP2460;18;Woonplaatsen;1822;Schagen;
WP2756;18;Woonplaatsen;1823;Schagerbrug;
WP1851;18;Woonplaatsen;1824;Schaijk;
WP2860;18;Woonplaatsen;1825;Schalkhaar;
WP2056;18;Woonplaatsen;1826;Schalkwijk;
WP1369;18;Woonplaatsen;1827;Schalsum;
WP1842;18;Woonplaatsen;1828;Schardam;
WP2686;18;Woonplaatsen;1829;Scharendijke;
WP1355;18;Woonplaatsen;1830;Scharmer;
WP2419;18;Woonplaatsen;1831;Scharnegoutum;
WP2506;18;Woonplaatsen;1832;Scharsterbrug;
WP1189;18;Woonplaatsen;1833;Scharwoude;
WP1893;18;Woonplaatsen;1834;Scheemda;
WP2711;18;Woonplaatsen;1835;Scheerwolde;
WP1511;18;Woonplaatsen;1836;Schellinkhout;
WP1437;18;Woonplaatsen;1837;Schelluinen;
WP1889;18;Woonplaatsen;1838;Schermerhorn;
WP2073;18;Woonplaatsen;1839;Scherpenisse;
WP2135;18;Woonplaatsen;1840;Scherpenzeel;
WP1737;18;Woonplaatsen;1841;Scherpenzeel;
WP2322;18;Woonplaatsen;1842;Schettens;
WP1697;18;Woonplaatsen;1843;Scheulder;
WP1935;18;Woonplaatsen;1844;Schiedam;
WP2428;18;Woonplaatsen;1845;Schiermonnikoog;
WP2582;18;Woonplaatsen;1846;Schijf;
WP2139;18;Woonplaatsen;1847;Schijndel;
WP1356;18;Woonplaatsen;1848;Schildwolde;
WP2360;18;Woonplaatsen;1849;Schimmert;
WP1717;18;Woonplaatsen;1850;Schin op Geul;
WP2103;18;Woonplaatsen;1851;Schinnen;
WP2848;18;Woonplaatsen;1852;Schinveld;
WP1178;18;Woonplaatsen;1853;Schipborg;
WP1618;18;Woonplaatsen;1854;Schiphol;
WP1604;18;Woonplaatsen;1855;Schiphol-Rijk;
WP1085;18;Woonplaatsen;1856;De Schiphorst;
WP2805;18;Woonplaatsen;1857;Schipluiden;
WP1277;18;Woonplaatsen;1858;Schokland;
WP2971;18;Woonplaatsen;1859;Schoondijke;
WP1998;18;Woonplaatsen;1860;Schoonebeek;
WP2390;18;Woonplaatsen;1861;Schoonhoven;
WP1179;18;Woonplaatsen;1862;Schoonloo;
WP2161;18;Woonplaatsen;1863;Schoonoord;
WP2272;18;Woonplaatsen;1864;Schoonrewoerd;
WP3045;18;Woonplaatsen;1865;Schoorl;
WP1469;18;Woonplaatsen;1866;Schore;
WP3424;18;Woonplaatsen;1867;Schouwerzijl;
WP2323;18;Woonplaatsen;1868;Schraard;
WP1562;18;Woonplaatsen;1869;Schuinesloot;
WP2181;18;Woonplaatsen;1870;Sebaldeburen;
WP2295;18;Woonplaatsen;1871;Sellingen;
WP2687;18;Woonplaatsen;1872;Serooskerke;
WP2782;18;Woonplaatsen;1873;Serooskerke;
WP1515;18;Woonplaatsen;1874;Sevenum;
WP1373;18;Woonplaatsen;1875;Sexbierum;
WP3324;18;Woonplaatsen;1876;Sibculo;
WP1563;18;Woonplaatsen;1877;Sibculo;
WP2536;18;Woonplaatsen;1878;Sibrandabuorren;
WP3274;18;Woonplaatsen;1879;Sibrandahûs;
WP1357;18;Woonplaatsen;1880;Siddeburen;
WP1123;18;Woonplaatsen;1881;Siebengewald;
WP3354;18;Woonplaatsen;1882;Siegerswoude;
WP3156;18;Woonplaatsen;1883;Sijbekarspel;
WP1578;18;Woonplaatsen;1884;Silvolde;
WP1389;18;Woonplaatsen;1885;Simonshaven;
WP3065;18;Woonplaatsen;1886;Simpelveld;
WP1579;18;Woonplaatsen;1887;Sinderen;
WP1454;18;Woonplaatsen;1888;Sint Agatha;
WP1834;18;Woonplaatsen;1889;Sint Annen;
WP2083;18;Woonplaatsen;1890;Sint Anthonis;
WP1698;18;Woonplaatsen;1891;Sint Geertruid;
WP1977;18;Woonplaatsen;1892;Sint Hubert;
WP2712;18;Woonplaatsen;1893;Sint Jansklooster;
WP3089;18;Woonplaatsen;1894;Sint Jansteen;
WP2044;18;Woonplaatsen;1895;Sint Joost;
WP2973;18;Woonplaatsen;1896;Sint Kruis;
WP3291;18;Woonplaatsen;1897;Sint Maarten;
WP2759;18;Woonplaatsen;1898;Sint Maartensbrug;
WP2760;18;Woonplaatsen;1899;Sint Maartensvlotbrug;
WP2507;18;Woonplaatsen;1900;Sint Nicolaasga;
WP2594;18;Woonplaatsen;1901;Sint Odiliënberg;
WP1115;18;Woonplaatsen;1902;Sint Pancras;
WP2078;18;Woonplaatsen;1903;Sint Philipsland;
WP2584;18;Woonplaatsen;1904;St. Willebrord;
WP2076;18;Woonplaatsen;1905;Sint-Annaland;
WP3331;18;Woonplaatsen;1906;St.-Annaparochie;
WP3332;18;Woonplaatsen;1907;St.-Jacobiparochie;
WP2508;18;Woonplaatsen;1908;Sintjohannesga;
WP2074;18;Woonplaatsen;1909;Sint-Maartensdijk;
WP2060;18;Woonplaatsen;1910;Sint-Michielsgestel;
WP2787;18;Woonplaatsen;1911;Sint-Oedenrode;
WP2688;18;Woonplaatsen;1912;Sirjansland;
WP3512;18;Woonplaatsen;1913;Sittard;
WP2732;18;Woonplaatsen;1914;Skingen;
WP1564;18;Woonplaatsen;1915;Slagharen;
WP2733;18;Woonplaatsen;1916;Slappeterp;
WP2162;18;Woonplaatsen;1917;Sleen;
WP2217;18;Woonplaatsen;1918;Sleeuwijk;
WP1229;18;Woonplaatsen;1919;Slenaken;
WP2438;18;Woonplaatsen;1920;Sliedrecht;
WP1738;18;Woonplaatsen;1921;Slijkenburg;
WP1871;18;Woonplaatsen;1922;Slijk-Ewijk;
WP1358;18;Woonplaatsen;1923;Slochteren;
WP2435;18;Woonplaatsen;1924;Slootdorp;
WP1684;18;Woonplaatsen;1925;Sloten;
WP2962;18;Woonplaatsen;1926;Sluis;
WP1135;18;Woonplaatsen;1927;Sluiskil;
WP2334;18;Woonplaatsen;1928;Smakt;
WP3288;18;Woonplaatsen;1929;Smalle Ee;
WP2420;18;Woonplaatsen;1930;Smallebrugge;
WP3021;18;Woonplaatsen;1931;Smilde;
WP1200;18;Woonplaatsen;1932;Snakkerburen;
WP3504;18;Woonplaatsen;1933;Sneek;
WP1912;18;Woonplaatsen;1934;Snelrewaard;
WP2509;18;Woonplaatsen;1935;Snikzwaag;
WP1569;18;Woonplaatsen;1936;Soerendonk;
WP1013;18;Woonplaatsen;1937;Soest;
WP1014;18;Woonplaatsen;1938;Soesterberg;
WP2745;18;Woonplaatsen;1939;Someren;
WP3145;18;Woonplaatsen;1940;Sommelsdijk;
WP3520;18;Woonplaatsen;1941;Son en Breugel;
WP1685;18;Woonplaatsen;1942;Sondel;
WP1739;18;Woonplaatsen;1943;Sonnega;
WP3534;18;Woonplaatsen;1944;Spaarndam;
WP2908;18;Woonplaatsen;1945;Spaarndam gem. Haarlem;
WP2792;18;Woonplaatsen;1946;Spanbroek;
WP1740;18;Woonplaatsen;1947;Spanga;
WP1505;18;Woonplaatsen;1948;Spankeren;
WP2030;18;Woonplaatsen;1949;Spannum;
WP1671;18;Woonplaatsen;1950;Spaubeek;
WP3120;18;Woonplaatsen;1951;Spier;
WP3022;18;Woonplaatsen;1952;Spier;
WP1190;18;Woonplaatsen;1953;Spierdijk;
WP2356;18;Woonplaatsen;1954;Spijk;
WP2980;18;Woonplaatsen;1955;Spijk;
WP3241;18;Woonplaatsen;1956;Spijk;
WP3032;18;Woonplaatsen;1957;Spijkenisse;
WP2286;18;Woonplaatsen;1958;Spijkerboor;
WP1180;18;Woonplaatsen;1959;Spijkerboor;
WP2596;18;Woonplaatsen;1960;Sprang-Capelle;
WP2583;18;Woonplaatsen;1961;Sprundel;
WP1136;18;Woonplaatsen;1962;Spui;
WP3146;18;Woonplaatsen;1963;Stad aan 't Haringvliet;
WP3074;18;Woonplaatsen;1964;Stadskanaal;
WP1247;18;Woonplaatsen;1965;Stampersgat;
WP1324;18;Woonplaatsen;1966;Standdaarbuiten;
WP1046;18;Woonplaatsen;1967;Staphorst;
WP3555;18;Woonplaatsen;1968;Starnmeer;
WP3452;18;Woonplaatsen;1969;Startenhuizen;
WP3481;18;Woonplaatsen;1970;Startenhuizen;
WP2075;18;Woonplaatsen;1971;Stavenisse;
WP1969;18;Woonplaatsen;1972;Stavoren;
WP3453;18;Woonplaatsen;1973;Stedum;
WP1502;18;Woonplaatsen;1974;De Steeg;
WP3634;18;Woonplaatsen;1975;Steenbergen;
WP1405;18;Woonplaatsen;1976;Steenbergen;
WP1359;18;Woonplaatsen;1977;Steendam;
WP1526;18;Woonplaatsen;1978;Steenderen;
WP2608;18;Woonplaatsen;1979;Steenenkamer;
WP2995;18;Woonplaatsen;1980;Steensel;
WP2713;18;Woonplaatsen;1981;Steenwijk;
WP2714;18;Woonplaatsen;1982;Steenwijkerwold;
WP2553;18;Woonplaatsen;1983;Stegeren;
WP1741;18;Woonplaatsen;1984;Steggerda;
WP1913;18;Woonplaatsen;1985;Stein;
WP2933;18;Woonplaatsen;1986;Stellendam;
WP1316;18;Woonplaatsen;1987;Sterksel;
WP2084;18;Woonplaatsen;1988;Stevensbeek;
WP1922;18;Woonplaatsen;1989;Stevensweert;
WP1475;18;Woonplaatsen;1990;Steyl;
WP2163;18;Woonplaatsen;1991;Stieltjeskanaal;
WP3230;18;Woonplaatsen;1992;Stiens;
WP3482;18;Woonplaatsen;1993;Stitswerd;
WP2210;18;Woonplaatsen;1994;Stokkum;
WP2388;18;Woonplaatsen;1995;Stolwijk;
WP1890;18;Woonplaatsen;1996;Stompetoren;
WP2639;18;Woonplaatsen;1997;Stoutenburg;
WP1667;18;Woonplaatsen;1998;Stoutenburg Noord;
WP1975;18;Woonplaatsen;1999;Stramproy;
WP1805;18;Woonplaatsen;2000;Streefkerk;
WP2620;18;Woonplaatsen;2001;Striep;
WP3435;18;Woonplaatsen;2002;Strijbeek;
WP2797;18;Woonplaatsen;2003;Strijen;
WP2798;18;Woonplaatsen;2004;Strijensas;
WP1059;18;Woonplaatsen;2005;Stroe;
WP3180;18;Woonplaatsen;2006;Stroobos;
WP1819;18;Woonplaatsen;2007;Stuifzand;
WP3023;18;Woonplaatsen;2008;Stuifzand;
WP2453;18;Woonplaatsen;2009;Sumar;
WP3181;18;Woonplaatsen;2010;Surhuisterveen;
WP3182;18;Woonplaatsen;2011;Surhuizum;
WP2045;18;Woonplaatsen;2012;Susteren;
WP2448;18;Woonplaatsen;2013;Suwâld;
WP2283;18;Woonplaatsen;2014;Swalmen;
WP3318;18;Woonplaatsen;2015;Sweagerbosk;
WP2104;18;Woonplaatsen;2016;Sweikhuizen;
WP1204;18;Woonplaatsen;2017;Swichum;
WP2431;18;Woonplaatsen;2018;Swifterbant;
WP1859;18;Woonplaatsen;2019;Swolgen;
WP2918;19;Woonplaatsen;2020;Taarlo;
WP3472;19;Woonplaatsen;2021;Teeffelen;
WP1203;19;Woonplaatsen;2022;Teerns;
WP1474;19;Woonplaatsen;2023;Tegelen;
WP2182;19;Woonplaatsen;2024;Terband;
WP1577;19;Woonplaatsen;2025;Terborg;
WP2578;19;Woonplaatsen;2026;Terheijden;
WP2537;19;Woonplaatsen;2027;Terherne;
WP3096;19;Woonplaatsen;2028;Terhole;
WP2510;19;Woonplaatsen;2029;Terkaple;
WP3242;19;Woonplaatsen;2030;Termunten;
WP3243;19;Woonplaatsen;2031;Termunterzijl;
WP3411;19;Woonplaatsen;2032;Ternaard;
WP1137;19;Woonplaatsen;2033;Terneuzen;
WP2511;19;Woonplaatsen;2034;Teroele;
WP3598;19;Woonplaatsen;2035;Terschuur;
WP2538;19;Woonplaatsen;2036;Tersoal;
WP3355;19;Woonplaatsen;2037;Terwispel;
WP2609;19;Woonplaatsen;2038;Terwolde;
WP3623;19;Woonplaatsen;2039;Teteringen;
WP2610;19;Woonplaatsen;2040;Teuge;
WP1832;19;Woonplaatsen;2041;Thesinge;
WP2071;19;Woonplaatsen;2042;Tholen;
WP1916;19;Woonplaatsen;2043;Thorn;
WP3601;19;Woonplaatsen;2044;Tiel;
WP1820;19;Woonplaatsen;2045;Tiendeveen;
WP3024;19;Woonplaatsen;2046;Tiendeveen;
WP2065;19;Woonplaatsen;2047;Tienhoven;
WP2107;19;Woonplaatsen;2048;Tienhoven aan de Lek;
WP1860;19;Woonplaatsen;2049;Tienray;
WP3356;19;Woonplaatsen;2050;Tijnje;
WP3276;19;Woonplaatsen;2051;De Tike;
WP1043;19;Woonplaatsen;2052;Tilburg;
WP1416;19;Woonplaatsen;2053;Tilligte;
WP2473;19;Woonplaatsen;2054;Tinallinge;
WP1211;19;Woonplaatsen;2055;Tinte;
WP3591;19;Woonplaatsen;2056;Tirns;
WP2422;19;Woonplaatsen;2057;Tjalhuizum;
WP2184;19;Woonplaatsen;2058;Tjalleberd;
WP2512;19;Woonplaatsen;2059;Tjerkgaast;
WP2324;19;Woonplaatsen;2060;Tjerkwerd;
WP1360;19;Woonplaatsen;2061;Tjuchem;
WP2345;19;Woonplaatsen;2062;Tolbert;
WP1531;19;Woonplaatsen;2063;Toldijk;
WP2981;19;Woonplaatsen;2064;Tolkamer;
WP1279;19;Woonplaatsen;2065;Tollebeek;
WP1110;19;Woonplaatsen;2066;Tonden;
WP3454;19;Woonplaatsen;2067;Toornwerd;
WP3531;19;Woonplaatsen;2068;Tricht;
WP3314;19;Woonplaatsen;2069;De Trieme;
WP2276;19;Woonplaatsen;2070;Tripscompagnie;
WP1294;19;Woonplaatsen;2071;Tubbergen;
WP3366;19;Woonplaatsen;2072;Tuil;
WP3292;19;Woonplaatsen;2073;Tuitjenhorn;
WP2715;19;Woonplaatsen;2074;Tuk;
WP2055;19;Woonplaatsen;2075;Tull en 't Waal;
WP2611;19;Woonplaatsen;2076;Twello;
WP3183;19;Woonplaatsen;2077;Twijzel;
WP3184;19;Woonplaatsen;2078;Twijzelerheide;
WP3157;19;Woonplaatsen;2079;Twisk;
WP2919;19;Woonplaatsen;2080;Tynaarlo;
WP2447;19;Woonplaatsen;2081;Tytsjerk;
WP1362;19;Woonplaatsen;2082;Tzum;
WP1377;19;Woonplaatsen;2083;Tzummarum;
WP2395;20;Woonplaatsen;2084;Ubbena;
WP2879;20;Woonplaatsen;2085;Ubbergen;
WP3562;20;Woonplaatsen;2086;Uddel;
WP1847;20;Woonplaatsen;2087;Uden;
WP1045;20;Woonplaatsen;2088;Udenhout;
WP3121;20;Woonplaatsen;2089;Uffelte;
WP2256;20;Woonplaatsen;2090;Ugchelen;
WP1947;20;Woonplaatsen;2091;Uitdam;
WP2755;20;Woonplaatsen;2092;Uitgeest;
WP2062;20;Woonplaatsen;2093;Uithoorn;
WP3483;20;Woonplaatsen;2094;Uithuizen;
WP3484;20;Woonplaatsen;2095;Uithuizermeeden;
WP2423;20;Woonplaatsen;2096;Uitwellingerga;
WP3304;20;Woonplaatsen;2097;Uitwijk;
WP1465;20;Woonplaatsen;2098;Ulestraten;
WP1580;20;Woonplaatsen;2099;Ulft;
WP2884;20;Woonplaatsen;2100;Ulicoten;
WP3425;20;Woonplaatsen;2101;Ulrum;
WP1704;20;Woonplaatsen;2102;Ulvenhout;
WP3436;20;Woonplaatsen;2103;Ulvenhout AC;
WP3357;20;Woonplaatsen;2104;Ureterp;
WP2143;20;Woonplaatsen;2105;Urk;
WP1915;20;Woonplaatsen;2106;Urmond;
WP1191;20;Woonplaatsen;2107;Ursem;
WP1891;20;Woonplaatsen;2108;Ursem;
WP3485;20;Woonplaatsen;2109;Usquert;
WP3295;20;Woonplaatsen;2110;Utrecht;
WP1429;21;Woonplaatsen;2111;Vaals;
WP1345;21;Woonplaatsen;2112;Vaassen;
WP1872;21;Woonplaatsen;2113;Valburg;
WP1709;21;Woonplaatsen;2114;Valkenburg;
WP1718;21;Woonplaatsen;2115;Valkenburg;
WP1100;21;Woonplaatsen;2116;Valkenswaard;
WP1800;21;Woonplaatsen;2117;Valthe;
WP1801;21;Woonplaatsen;2118;Valthermond;
WP1781;21;Woonplaatsen;2119;2e Valthermond;
WP3367;21;Woonplaatsen;2120;Varik;
WP1582;21;Woonplaatsen;2121;Varsselder;
WP1574;21;Woonplaatsen;2122;Varsseveld;
WP1295;21;Woonplaatsen;2123;Vasse;
WP2234;21;Woonplaatsen;2124;Veelerveen;
WP1956;21;Woonplaatsen;2125;Veen;
WP1240;21;Woonplaatsen;2126;Veendam;
WP2048;21;Woonplaatsen;2127;Veenendaal;
WP3277;21;Woonplaatsen;2128;De Veenhoop;
WP1651;21;Woonplaatsen;2129;Veenhuizen;
WP3171;21;Woonplaatsen;2130;Veeningen;
WP1999;21;Woonplaatsen;2131;Veenoord;
WP2783;21;Woonplaatsen;2132;Veere;
WP2866;21;Woonplaatsen;2133;Veessen;
WP2513;21;Woonplaatsen;2134;Vegelinsoord;
WP2827;21;Woonplaatsen;2135;Veghel;
WP2520;21;Woonplaatsen;2136;'t Veld;
WP1631;21;Woonplaatsen;2137;Velddriel;
WP1547;21;Woonplaatsen;2138;Den Velde;
WP3142;21;Woonplaatsen;2139;Velden;
WP1384;21;Woonplaatsen;2140;Veldhoven;
WP3198;21;Woonplaatsen;2141;Velp;
WP1500;21;Woonplaatsen;2142;Velp;
WP3538;21;Woonplaatsen;2143;Velsen-Noord;
WP3536;21;Woonplaatsen;2144;Velsen-Zuid;
WP2839;21;Woonplaatsen;2145;Velserbroek;
WP1565;21;Woonplaatsen;2146;Venebrugge;
WP3139;21;Woonplaatsen;2147;Venhorst;
WP1512;21;Woonplaatsen;2148;Venhuizen;
WP1473;21;Woonplaatsen;2149;Venlo;
WP2335;21;Woonplaatsen;2150;Venray;
WP2481;21;Woonplaatsen;2151;Ven-Zelderheide;
WP2996;21;Woonplaatsen;2152;Vessem;
WP2211;21;Woonplaatsen;2153;Vethuizen;
WP2336;21;Woonplaatsen;2154;Veulen;
WP2843;21;Woonplaatsen;2155;Vianen;
WP1455;21;Woonplaatsen;2156;Vianen NB;
WP1532;21;Woonplaatsen;2157;Vierakker;
WP2985;21;Woonplaatsen;2158;Vierhouten;
WP3426;21;Woonplaatsen;2159;Vierhuizen;
WP1223;21;Woonplaatsen;2160;Vierlingsbeek;
WP2369;21;Woonplaatsen;2161;Vierpolders;
WP1613;21;Woonplaatsen;2162;Vijfhuizen;
WP1431;21;Woonplaatsen;2163;Vijlen;
WP2554;21;Woonplaatsen;2164;Vilsteren;
WP1743;21;Woonplaatsen;2165;Vinkega;
WP3612;21;Woonplaatsen;2166;Vinkel;
WP3063;21;Woonplaatsen;2167;Vinkel;
WP2555;21;Woonplaatsen;2168;Vinkenbuurt;
WP3550;21;Woonplaatsen;2169;Vinkeveen;
WP2127;21;Woonplaatsen;2170;Visvliet;
WP1015;21;Woonplaatsen;2171;Vlaardingen;
WP2298;21;Woonplaatsen;2172;Vlagtwedde;
WP3122;21;Woonplaatsen;2173;Vledder;
WP3123;21;Woonplaatsen;2174;Vledderveen;
WP3078;21;Woonplaatsen;2175;Vledderveen;
WP3296;21;Woonplaatsen;2176;Vleuten;
WP3299;21;Woonplaatsen;2177;Vlieland;
WP1775;21;Woonplaatsen;2178;Vlierden;
WP3503;21;Woonplaatsen;2179;Vlijmen;
WP1078;21;Woonplaatsen;2180;Vlissingen;
WP2389;21;Woonplaatsen;2181;Vlist;
WP2595;21;Woonplaatsen;2182;Vlodrop;
WP1855;21;Woonplaatsen;2183;Voerendaal;
WP2651;21;Woonplaatsen;2184;Vogelenzang;
WP3095;21;Woonplaatsen;2185;Vogelwaarde;
WP1748;21;Woonplaatsen;2186;Volendam;
WP1848;21;Woonplaatsen;2187;Volkel;
WP2716;21;Woonplaatsen;2188;Vollenhove;
WP3087;21;Woonplaatsen;2189;Vondelingenplaat Rotterdam;
WP1622;21;Woonplaatsen;2190;Voorburg;
WP2004;21;Woonplaatsen;2191;Voorhout;
WP3231;21;Woonplaatsen;2192;Voorschoten;
WP1586;21;Woonplaatsen;2193;Voorst;
WP2612;21;Woonplaatsen;2194;Voorst;
WP3599;21;Woonplaatsen;2195;Voorthuizen;
WP2867;21;Woonplaatsen;2196;Vorchten;
WP3573;21;Woonplaatsen;2197;Vorden;
WP3064;21;Woonplaatsen;2198;Vorstenbosch;
WP1224;21;Woonplaatsen;2199;Vortum-Mullem;
WP2226;21;Woonplaatsen;2200;Vragender;
WP1181;21;Woonplaatsen;2201;Vredenheim;
WP2337;21;Woonplaatsen;2202;Vredepeel;
WP3525;21;Woonplaatsen;2203;Vreeland;
WP2912;21;Woonplaatsen;2204;Vries;
WP2235;21;Woonplaatsen;2205;Vriescheloo;
WP3325;21;Woonplaatsen;2206;Vriezenveen;
WP3326;21;Woonplaatsen;2207;Vroomshoop;
WP2672;21;Woonplaatsen;2208;Vrouwenakker;
WP3334;21;Woonplaatsen;2209;Vrouwenparochie;
WP2784;21;Woonplaatsen;2210;Vrouwenpolder;
WP1619;21;Woonplaatsen;2211;Vught;
WP2357;21;Woonplaatsen;2212;Vuren;
WP2031;22;Woonplaatsen;2213;Waaksens;
WP1809;22;Woonplaatsen;2214;Waal;
WP2739;22;Woonplaatsen;2215;De Waal;
WP1006;22;Woonplaatsen;2216;Waalre;
WP2597;22;Woonplaatsen;2217;Waalwijk;
WP1895;22;Woonplaatsen;2218;'t Waar;
WP3466;22;Woonplaatsen;2219;Waarde;
WP3368;22;Woonplaatsen;2220;Waardenburg;
WP2478;22;Woonplaatsen;2221;Waarder;
WP3305;22;Woonplaatsen;2222;Waardhuizen;
WP3293;22;Woonplaatsen;2223;Waarland;
WP3412;22;Woonplaatsen;2224;Waaxens;
WP2165;22;Woonplaatsen;2225;Wachtum;
WP3051;22;Woonplaatsen;2226;Waddinxveen;
WP2559;22;Woonplaatsen;2227;Wadenoijen;
WP2579;22;Woonplaatsen;2228;Wagenberg;
WP3244;22;Woonplaatsen;2229;Wagenborgen;
WP2006;22;Woonplaatsen;2230;Wageningen;
WP1719;22;Woonplaatsen;2231;Walem;
WP3101;22;Woonplaatsen;2232;Walsoorden;
WP3269;22;Woonplaatsen;2233;Wâlterswâld;
WP1773;22;Woonplaatsen;2234;Wamel;
WP2717;22;Woonplaatsen;2235;Wanneperveen;
WP2085;22;Woonplaatsen;2236;Wanroij;
WP1861;22;Woonplaatsen;2237;Wanssum;
WP3210;22;Woonplaatsen;2238;Wânswert;
WP2868;22;Woonplaatsen;2239;Wapenveld;
WP3124;22;Woonplaatsen;2240;Wapse;
WP3125;22;Woonplaatsen;2241;Wapserveen;
WP1843;22;Woonplaatsen;2242;Warder;
WP3486;22;Woonplaatsen;2243;Warffum;
WP3427;22;Woonplaatsen;2244;Warfhuizen;
WP3316;22;Woonplaatsen;2245;Warfstermolen;
WP3294;22;Woonplaatsen;2246;Warmenhuizen;
WP3542;22;Woonplaatsen;2247;Warmond;
WP1971;22;Woonplaatsen;2248;Warns;
WP1396;22;Woonplaatsen;2249;Warnsveld;
WP2540;22;Woonplaatsen;2250;Warstiens;
WP2541;22;Woonplaatsen;2251;Warten;
WP1765;22;Woonplaatsen;2252;Waskemeer;
WP2598;22;Woonplaatsen;2253;Waspik;
WP1821;22;Woonplaatsen;2254;Wassenaar;
WP3126;22;Woonplaatsen;2255;Wateren;
WP1945;22;Woonplaatsen;2256;Watergang;
WP1022;22;Woonplaatsen;2257;Waterhuizen;
WP2664;22;Woonplaatsen;2258;Wateringen;
WP2963;22;Woonplaatsen;2259;Waterlandkerkje;
WP3551;22;Woonplaatsen;2260;Waverveen;
WP2236;22;Woonplaatsen;2261;Wedde;
WP2789;22;Woonplaatsen;2262;De Weere;
WP1417;22;Woonplaatsen;2263;Weerselo;
WP1974;22;Woonplaatsen;2264;Weert;
WP3631;22;Woonplaatsen;2265;Weesp;
WP3428;22;Woonplaatsen;2266;Wehe-den Hoorn;
WP3248;22;Woonplaatsen;2267;Wehl;
WP2032;22;Woonplaatsen;2268;Weidum;
WP2000;22;Woonplaatsen;2269;Weiteveen;
WP2771;22;Woonplaatsen;2270;Wekerom;
WP1632;22;Woonplaatsen;2271;Well;
WP1124;22;Woonplaatsen;2272;Well L;
WP1125;22;Woonplaatsen;2273;Wellerlooi;
WP1382;22;Woonplaatsen;2274;Welsum;
WP1470;22;Woonplaatsen;2275;Wemeldinge;
WP3561;22;Woonplaatsen;2276;Wenum Wiesel;
WP2539;22;Woonplaatsen;2277;Wergea;
WP2218;22;Woonplaatsen;2278;Werkendam;
WP2605;22;Woonplaatsen;2279;Werkhoven;
WP3491;22;Woonplaatsen;2280;Wernhout;
WP3565;22;Woonplaatsen;2281;Wervershoof;
WP1381;22;Woonplaatsen;2282;Wesepe;
WP1919;22;Woonplaatsen;2283;Wessem;
WP2172;22;Woonplaatsen;2284;Westbeemster;
WP2939;22;Woonplaatsen;2285;Westbroek;
WP1802;22;Woonplaatsen;2286;Westdorp;
WP1138;22;Woonplaatsen;2287;Westdorpe;
WP1575;22;Woonplaatsen;2288;Westendorp;
WP2086;22;Woonplaatsen;2289;Westerbeek;
WP3025;22;Woonplaatsen;2290;Westerbork;
WP1023;22;Woonplaatsen;2291;Westerbroek;
WP3273;22;Woonplaatsen;2292;De Westereen;
WP3455;22;Woonplaatsen;2293;Westeremden;
WP3317;22;Woonplaatsen;2294;Westergeast;
WP3327;22;Woonplaatsen;2295;Westerhaar-Vriezenveensewijk;
WP1460;22;Woonplaatsen;2296;Westerhoven;
WP1490;22;Woonplaatsen;2297;Westerland;
WP1900;22;Woonplaatsen;2298;Westerlee;
WP3429;22;Woonplaatsen;2299;Westernieland;
WP1652;22;Woonplaatsen;2300;Westervelde;
WP1936;22;Woonplaatsen;2301;Westervoort;
WP3456;22;Woonplaatsen;2302;Westerwijtwerd;
WP1908;22;Woonplaatsen;2303;West-Graftdijk;
WP2424;22;Woonplaatsen;2304;Westhem;
WP3329;22;Woonplaatsen;2305;Westhoek;
WP2785;22;Woonplaatsen;2306;Westkapelle;
WP1881;22;Woonplaatsen;2307;Westknollendam;
WP2385;22;Woonplaatsen;2308;Westmaas;
WP2625;22;Woonplaatsen;2309;West-Terschelling;
WP1513;22;Woonplaatsen;2310;Westwoud;
WP1882;22;Woonplaatsen;2311;Westzaan;
WP2718;22;Woonplaatsen;2312;Wetering;
WP1606;22;Woonplaatsen;2313;Weteringbrug;
WP3413;22;Woonplaatsen;2314;Wetsens;
WP2474;22;Woonplaatsen;2315;Wetsinge;
WP2750;22;Woonplaatsen;2316;Weurt;
WP3073;22;Woonplaatsen;2317;Wezep;
WP2166;22;Woonplaatsen;2318;Wezup;
WP2167;22;Woonplaatsen;2319;Wezuperbrug;
WP3572;22;Woonplaatsen;2320;Wichmond;
WP2734;22;Woonplaatsen;2321;Wier;
WP1087;22;Woonplaatsen;2322;Wierden;
WP3187;22;Woonplaatsen;2323;Wieringerwaard;
WP2436;22;Woonplaatsen;2324;Wieringerwerf;
WP3414;22;Woonplaatsen;2325;Wierum;
WP2564;22;Woonplaatsen;2326;Wijchen;
WP1686;22;Woonplaatsen;2327;Wijckel;
WP1514;22;Woonplaatsen;2328;Wijdenes;
WP2288;22;Woonplaatsen;2329;Wijdewormer;
WP1380;22;Woonplaatsen;2330;Wijhe;
WP3162;22;Woonplaatsen;2331;de Wijk;
WP3552;22;Woonplaatsen;2332;Wijk aan Zee;
WP1302;22;Woonplaatsen;2333;Wijk bij Duurstede;
WP1957;22;Woonplaatsen;2334;Wijk en Aalburg;
WP1236;22;Woonplaatsen;2335;Wijlre;
WP2893;22;Woonplaatsen;2336;Wijnaldum;
WP2361;22;Woonplaatsen;2337;Wijnandsrade;
WP2212;22;Woonplaatsen;2338;Wijnbergen;
WP1986;22;Woonplaatsen;2339;Wijngaarden;
WP3358;22;Woonplaatsen;2340;Wijnjewoude;
WP3026;22;Woonplaatsen;2341;Wijster;
WP1979;22;Woonplaatsen;2342;Wilbertoord;
WP1241;22;Woonplaatsen;2343;Wildervank;
WP3278;22;Woonplaatsen;2344;De Wilgen;
WP1827;22;Woonplaatsen;2345;Wilhelminadorp;
WP3127;22;Woonplaatsen;2346;Wilhelminaoord;
WP2719;22;Woonplaatsen;2347;Willemsoord;
WP1317;22;Woonplaatsen;2348;Willemstad;
WP1931;22;Woonplaatsen;2349;Wilnis;
WP2613;22;Woonplaatsen;2350;Wilp;
WP2260;22;Woonplaatsen;2351;De Wilp;
WP2898;22;Woonplaatsen;2352;Wilsum;
WP2920;22;Woonplaatsen;2353;Winde;
WP2820;22;Woonplaatsen;2354;Windraak;
WP2521;22;Woonplaatsen;2355;Winkel;
WP1836;22;Woonplaatsen;2356;Winneweer;
WP1471;22;Woonplaatsen;2357;Winschoten;
WP2753;22;Woonplaatsen;2358;Winssen;
WP2033;22;Woonplaatsen;2359;Winsum;
WP2475;22;Woonplaatsen;2360;Winsum;
WP2997;22;Woonplaatsen;2361;Wintelre;
WP1478;22;Woonplaatsen;2362;Winterswijk;
WP1486;22;Woonplaatsen;2363;Winterswijk Brinkheurne;
WP1487;22;Woonplaatsen;2364;Winterswijk Corle;
WP1485;22;Woonplaatsen;2365;Winterswijk Henxel;
WP1480;22;Woonplaatsen;2366;Winterswijk Huppel;
WP1482;22;Woonplaatsen;2367;Winterswijk Kotten;
WP1479;22;Woonplaatsen;2368;Winterswijk Meddo;
WP1484;22;Woonplaatsen;2369;Winterswijk Miste;
WP1481;22;Woonplaatsen;2370;Winterswijk Ratum;
WP1483;22;Woonplaatsen;2371;Winterswijk Woold;
WP3545;22;Woonplaatsen;2372;Wirdum;
WP3457;22;Woonplaatsen;2373;Wirdum;
WP3191;22;Woonplaatsen;2374;Wissenkerke;
WP2556;22;Woonplaatsen;2375;Witharen;
WP2325;22;Woonplaatsen;2376;Witmarsum;
WP2720;22;Woonplaatsen;2377;Witte Paarden;
WP3128;22;Woonplaatsen;2378;Wittelte;
WP1233;22;Woonplaatsen;2379;Wittem;
WP3027;22;Woonplaatsen;2380;Witteveen;
WP2034;22;Woonplaatsen;2381;Wiuwert;
WP2035;22;Woonplaatsen;2382;Wjelsryp;
WP1004;22;Woonplaatsen;2383;Woensdrecht;
WP1071;22;Woonplaatsen;2384;Woerden;
WP2669;22;Woonplaatsen;2385;Woerdense Verlaat;
WP3158;22;Woonplaatsen;2386;Wognum;
WP3245;22;Woonplaatsen;2387;Woldendorp;
WP2989;22;Woonplaatsen;2388;Wolfheze;
WP1828;22;Woonplaatsen;2389;Wolphaartsdijk;
WP2425;22;Woonplaatsen;2390;Wolsum;
WP1833;22;Woonplaatsen;2391;Woltersum;
WP1744;22;Woonplaatsen;2392;Wolvega;
WP2036;22;Woonplaatsen;2393;Wommels;
WP2326;22;Woonplaatsen;2394;Wons;
WP1965;22;Woonplaatsen;2395;Workum;
WP2287;22;Woonplaatsen;2396;Wormer;
WP1883;22;Woonplaatsen;2397;Wormerveer;
WP3043;22;Woonplaatsen;2398;Woubrugge;
WP1361;22;Woonplaatsen;2399;Woudbloem;
WP2269;22;Woonplaatsen;2400;de Woude;
WP2523;22;Woonplaatsen;2401;Woudenberg;
WP3306;22;Woonplaatsen;2402;Woudrichem;
WP2426;22;Woonplaatsen;2403;Woudsend;
WP1589;22;Woonplaatsen;2404;Wouw;
WP1592;22;Woonplaatsen;2405;Wouwse Plantage;
WP2442;22;Woonplaatsen;2406;Wyns;
WP1206;22;Woonplaatsen;2407;Wytgaard;
WP2921;23;Woonplaatsen;2408;Yde;
WP3467;23;Woonplaatsen;2409;Yerseke;
WP2427;23;Woonplaatsen;2410;Ypecolsga;
WP3592;23;Woonplaatsen;2411;Ysbrechtum;
WP2338;23;Woonplaatsen;2412;Ysselsteyn;
WP1139;24;Woonplaatsen;2413;Zaamslag;
WP1884;24;Woonplaatsen;2414;Zaandam;
WP1885;24;Woonplaatsen;2415;Zaandijk;
WP2897;24;Woonplaatsen;2416;Zalk;
WP2636;24;Woonplaatsen;2417;Zaltbommel;
WP2758;24;Woonplaatsen;2418;'t Zand;
WP1803;24;Woonplaatsen;2419;Zandberg;
WP3487;24;Woonplaatsen;2420;Zandeweer;
WP1745;24;Woonplaatsen;2421;Zandhuizen;
WP2001;24;Woonplaatsen;2422;Zandpol;
WP3458;24;Woonplaatsen;2423;'t Zandt;
WP1305;24;Woonplaatsen;2424;Zandvoort;
WP2213;24;Woonplaatsen;2425;Zeddam;
WP2922;24;Woonplaatsen;2426;Zeegse;
WP1850;24;Woonplaatsen;2427;Zeeland;
WP3459;24;Woonplaatsen;2428;Zeerijp;
WP1075;24;Woonplaatsen;2429;Zeewolde;
WP2585;24;Woonplaatsen;2430;Zegge;
WP1074;24;Woonplaatsen;2431;Zegveld;
WP2923;24;Woonplaatsen;2432;Zeijen;
WP2396;24;Woonplaatsen;2433;Zeijerveen;
WP2397;24;Woonplaatsen;2434;Zeijerveld;
WP2821;24;Woonplaatsen;2435;Zeist;
WP3574;24;Woonplaatsen;2436;Zelhem;
WP3571;24;Woonplaatsen;2437;Zenderen;
WP2558;24;Woonplaatsen;2438;Zennewijnen;
WP3369;24;Woonplaatsen;2439;Zennewijnen;
WP1873;24;Woonplaatsen;2440;Zetten;
WP1297;24;Woonplaatsen;2441;Zevenaar;
WP1323;24;Woonplaatsen;2442;Zevenbergen;
WP1327;24;Woonplaatsen;2443;Zevenbergschen Hoek;
WP2580;24;Woonplaatsen;2444;Zevenbergschen Hoek;
WP2671;24;Woonplaatsen;2445;Zevenhoven;
WP1213;24;Woonplaatsen;2446;Zevenhuizen;
WP2346;24;Woonplaatsen;2447;Zevenhuizen;
WP2689;24;Woonplaatsen;2448;Zierikzee;
WP2229;24;Woonplaatsen;2449;Zieuwent;
WP2844;24;Woonplaatsen;2450;Zijderveld;
WP2522;24;Woonplaatsen;2451;Zijdewind;
WP3460;24;Woonplaatsen;2452;Zijldijk;
WP1928;24;Woonplaatsen;2453;De Zilk;
WP3384;24;Woonplaatsen;2454;Zoelen;
WP3385;24;Woonplaatsen;2455;Zoelmond;
WP2293;24;Woonplaatsen;2456;Zoetermeer;
WP2644;24;Woonplaatsen;2457;Zoeterwoude;
WP2690;24;Woonplaatsen;2458;Zonnemaire;
WP3129;24;Woonplaatsen;2459;Zorgvlied;
WP2786;24;Woonplaatsen;2460;Zoutelande;
WP3430;24;Woonplaatsen;2461;Zoutkamp;
WP2889;24;Woonplaatsen;2462;Zuid-Beijerland;
WP2280;24;Woonplaatsen;2463;Zuidbroek;
WP1140;24;Woonplaatsen;2464;Zuiddorpe;
WP1192;24;Woonplaatsen;2465;Zuidermeer;
WP1948;24;Woonplaatsen;2466;Zuiderwoude;
WP2128;24;Woonplaatsen;2467;Zuidhorn;
WP2925;24;Woonplaatsen;2468;Zuidlaarderveen;
WP1390;24;Woonplaatsen;2469;Zuidland;
WP2913;24;Woonplaatsen;2470;Zuidlaren;
WP2173;24;Woonplaatsen;2471;Zuidoostbeemster;
WP1117;24;Woonplaatsen;2472;Zuid-Scharwoude;
WP1892;24;Woonplaatsen;2473;Zuidschermer;
WP2721;24;Woonplaatsen;2474;Zuidveen;
WP3028;24;Woonplaatsen;2475;Zuidveld;
WP1653;24;Woonplaatsen;2476;Zuidvelde;
WP2832;24;Woonplaatsen;2477;Zuidwolde;
WP3172;24;Woonplaatsen;2478;Zuidwolde;
WP2972;24;Woonplaatsen;2479;Zuidzande;
WP2637;24;Woonplaatsen;2480;Zuilichem;
WP1091;24;Woonplaatsen;2481;Zuna;
WP3489;24;Woonplaatsen;2482;Zundert;
WP2327;24;Woonplaatsen;2483;Zurich;
WP1395;24;Woonplaatsen;2484;Zutphen;
WP3431;24;Woonplaatsen;2485;Zuurdijk;
WP2463;24;Woonplaatsen;2486;Zwaag;
WP1107;24;Woonplaatsen;2487;Zwaagdijk-Oost;
WP3159;24;Woonplaatsen;2488;Zwaagdijk-West;
WP1611;24;Woonplaatsen;2489;Zwaanshoek;
WP1081;24;Woonplaatsen;2490;Zwammerdam;
WP1614;24;Woonplaatsen;2491;Zwanenburg;
WP3600;24;Woonplaatsen;2492;Zwartebroek;
WP2002;24;Woonplaatsen;2493;Zwartemeer;
WP2370;24;Woonplaatsen;2494;Zwartewaal;
WP2201;24;Woonplaatsen;2495;Zwartsluis;
WP2168;24;Woonplaatsen;2496;Zweeloo;
WP1367;24;Woonplaatsen;2497;Zweins;
WP3029;24;Woonplaatsen;2498;Zwiggelte;
WP2399;24;Woonplaatsen;2499;Zwijndrecht;
WP2169;24;Woonplaatsen;2500;Zwinderen;
WP1182;24;Woonplaatsen;2501;Zwolle;
